8.070864105224609375e+01,1.003987045288085938e+02,1.780201721191406250e+02,1.097264022827148438e+02,1.205842514038085938e+02,1.539383544921875000e+02,9.413053894042968750e+01,1.772627563476562500e+02,1.608380737304687500e+02,1.891643066406250000e+02
9.213534545898437500e+01,1.086856384277343750e+02,1.472860412597656250e+02,1.046691741943359375e+02,1.209418106079101562e+02,1.390542602539062500e+02,9.847334289550781250e+01,1.750645904541015625e+02,1.604264831542968750e+02,1.671911315917968750e+02
8.232289123535156250e+01,9.566120910644531250e+01,1.738873901367187500e+02,1.161298217773437500e+02,1.163756561279296875e+02,1.431759338378906250e+02,7.935227966308593750e+01,1.592725524902343750e+02,1.323117675781250000e+02,1.767841033935546875e+02
7.524124145507812500e+01,1.045464935302734375e+02,1.682832031250000000e+02,1.086077880859375000e+02,1.302713623046875000e+02,1.504514770507812500e+02,8.751461029052734375e+01,1.737342376708984375e+02,1.507978210449218750e+02,1.735908355712890625e+02
8.494964599609375000e+01,1.006712341308593750e+02,1.707424926757812500e+02,1.093131942749023438e+02,1.217399826049804688e+02,1.417381591796875000e+02,8.868463897705078125e+01,1.724200439453125000e+02,1.501612548828125000e+02,1.787557373046875000e+02
8.577315521240234375e+01,1.111832656860351562e+02,1.690600433349609375e+02,9.663244628906250000e+01,1.384098205566406250e+02,1.269163055419921875e+02,1.045789031982421875e+02,1.706624450683593750e+02,1.661458282470703125e+02,1.604729003906250000e+02
6.780985260009765625e+01,1.197050018310546875e+02,1.681515502929687500e+02,9.455457305908203125e+01,1.363314514160156250e+02,1.536244201660156250e+02,1.108338012695312500e+02,1.810666198730468750e+02,1.633010406494140625e+02,1.698009796142578125e+02
8.154226684570312500e+01,9.198187255859375000e+01,1.687194519042968750e+02,1.159057006835937500e+02,1.121862258911132812e+02,1.312038269042968750e+02,7.546562194824218750e+01,1.553770446777343750e+02,1.442654724121093750e+02,1.723941955566406250e+02
8.535581207275390625e+01,1.011527252197265625e+02,1.767090759277343750e+02,1.011526947021484375e+02,1.143668670654296875e+02,1.387127075195312500e+02,1.065175094604492188e+02,1.899673767089843750e+02,1.520589904785156250e+02,1.874427947998046875e+02
8.147164916992187500e+01,1.053862304687500000e+02,1.740534515380859375e+02,1.043347778320312500e+02,1.263303298950195312e+02,1.387431030273437500e+02,9.650134277343750000e+01,1.671875000000000000e+02,1.644548187255859375e+02,1.660737609863281250e+02
8.358594512939453125e+01,8.658412170410156250e+01,1.728546600341796875e+02,1.192828369140625000e+02,1.216044769287109375e+02,1.312662658691406250e+02,7.537856292724609375e+01,1.626579895019531250e+02,1.297944946289062500e+02,1.825091552734375000e+02
8.662101745605468750e+01,1.173952865600585938e+02,1.592960510253906250e+02,8.993994140625000000e+01,1.184438781738281250e+02,1.359296722412109375e+02,1.098045425415039062e+02,1.755124359130859375e+02,1.681954345703125000e+02,1.626871337890625000e+02
7.610348510742187500e+01,1.162007598876953125e+02,1.668992919921875000e+02,8.600857543945312500e+01,1.235377197265625000e+02,1.331707458496093750e+02,1.108667907714843750e+02,1.743836822509765625e+02,1.686239318847656250e+02,1.579882354736328125e+02
7.292326354980468750e+01,8.595710754394531250e+01,1.745133056640625000e+02,1.195089950561523438e+02,1.015100936889648438e+02,1.531821594238281250e+02,7.335982513427734375e+01,1.731361083984375000e+02,1.294477996826171875e+02,1.930509948730468750e+02
8.142119598388671875e+01,1.020289001464843750e+02,1.796098785400390625e+02,1.086848678588867188e+02,1.272130889892578125e+02,1.657433471679687500e+02,8.238719177246093750e+01,1.612377166748046875e+02,1.602039794921875000e+02,1.705135192871093750e+02
8.450386810302734375e+01,1.104962310791015625e+02,1.736079864501953125e+02,9.826029968261718750e+01,1.511496276855468750e+02,1.342585296630859375e+02,1.174664764404296875e+02,1.824226074218750000e+02,1.760155029296875000e+02,1.703589782714843750e+02
1.016466217041015625e+02,1.095674743652343750e+02,1.261278381347656250e+02,1.254123001098632812e+02,1.243579864501953125e+02,1.337926483154296875e+02,9.306296539306640625e+01,1.748547821044921875e+02,1.578769836425781250e+02,1.767908020019531250e+02
8.471623229980468750e+01,1.223721008300781250e+02,1.554236450195312500e+02,9.033622741699218750e+01,1.195896530151367188e+02,1.367634429931640625e+02,1.251656646728515625e+02,1.400841064453125000e+02,1.653767395019531250e+02,1.631435241699218750e+02
7.977722167968750000e+01,8.886331939697265625e+01,1.722103271484375000e+02,1.194322204589843750e+02,1.309836425781250000e+02,1.399015197753906250e+02,7.501489257812500000e+01,1.571045227050781250e+02,1.325687103271484375e+02,1.787021484375000000e+02
7.916291809082031250e+01,1.175835723876953125e+02,1.677135009765625000e+02,8.846369934082031250e+01,1.441867828369140625e+02,1.431733551025390625e+02,1.042976226806640625e+02,1.755068969726562500e+02,1.715438995361328125e+02,1.538152770996093750e+02
7.852067565917968750e+01,1.209745330810546875e+02,1.664151306152343750e+02,8.482073974609375000e+01,1.459637145996093750e+02,1.350937805175781250e+02,1.210039520263671875e+02,1.792912597656250000e+02,1.841777954101562500e+02,1.488999938964843750e+02
8.511642456054687500e+01,9.619889831542968750e+01,1.815186767578125000e+02,1.175097503662109375e+02,1.276938476562500000e+02,1.383433380126953125e+02,8.695443725585937500e+01,1.708507995605468750e+02,1.497033386230468750e+02,1.815380249023437500e+02
7.621723937988281250e+01,9.982606506347656250e+01,1.761237182617187500e+02,1.135198364257812500e+02,1.254995422363281250e+02,1.510474853515625000e+02,8.767494201660156250e+01,1.800296630859375000e+02,1.488270111083984375e+02,1.841121368408203125e+02
7.903250122070312500e+01,1.050362167358398438e+02,1.724983825683593750e+02,1.021916046142578125e+02,1.206008453369140625e+02,1.359154968261718750e+02,9.463680267333984375e+01,1.674882507324218750e+02,1.591699523925781250e+02,1.714184722900390625e+02
6.928852081298828125e+01,1.169231567382812500e+02,1.780652770996093750e+02,9.191885375976562500e+01,1.250754699707031250e+02,1.404293212890625000e+02,1.066904907226562500e+02,1.825716552734375000e+02,1.703477783203125000e+02,1.698151702880859375e+02
8.066754150390625000e+01,1.114063262939453125e+02,1.665503692626953125e+02,1.020215454101562500e+02,1.342801361083984375e+02,1.426030120849609375e+02,9.906042480468750000e+01,1.773795928955078125e+02,1.649786682128906250e+02,1.627731018066406250e+02
9.430179595947265625e+01,1.153556518554687500e+02,1.621215362548828125e+02,8.922213745117187500e+01,1.183372344970703125e+02,1.442079010009765625e+02,1.172489318847656250e+02,1.854832000732421875e+02,1.685897216796875000e+02,1.649620208740234375e+02
8.536360931396484375e+01,1.000061492919921875e+02,1.705197143554687500e+02,1.079606475830078125e+02,1.255094375610351562e+02,1.366806030273437500e+02,1.024132690429687500e+02,1.723053894042968750e+02,1.486187133789062500e+02,1.768926086425781250e+02
7.024938964843750000e+01,1.088777770996093750e+02,1.673452758789062500e+02,9.435473632812500000e+01,1.308931884765625000e+02,1.430981445312500000e+02,9.288742065429687500e+01,1.732493591308593750e+02,1.589472503662109375e+02,1.629535522460937500e+02
8.310372924804687500e+01,9.688113403320312500e+01,1.700088195800781250e+02,1.129269561767578125e+02,1.358818359375000000e+02,1.386134643554687500e+02,8.437322998046875000e+01,1.633955688476562500e+02,1.491425781250000000e+02,1.738772888183593750e+02
7.821762084960937500e+01,1.154567565917968750e+02,1.621759338378906250e+02,9.416578674316406250e+01,1.451794891357421875e+02,1.323318481445312500e+02,1.159893188476562500e+02,1.823836975097656250e+02,1.687879638671875000e+02,1.675979766845703125e+02
7.237326049804687500e+01,1.155355072021484375e+02,1.693426208496093750e+02,9.431845092773437500e+01,1.361431579589843750e+02,1.435233154296875000e+02,9.779963684082031250e+01,1.749434509277343750e+02,1.658902587890625000e+02,1.604286499023437500e+02
7.478480529785156250e+01,1.017231903076171875e+02,1.746449584960937500e+02,1.104466629028320312e+02,1.078853759765625000e+02,1.406887512207031250e+02,8.628308105468750000e+01,1.711150207519531250e+02,1.439358825683593750e+02,1.732301330566406250e+02
8.188745880126953125e+01,1.086138687133789062e+02,1.694501037597656250e+02,9.406517791748046875e+01,1.297322998046875000e+02,1.374613189697265625e+02,9.978861236572265625e+01,1.710179748535156250e+02,1.673652801513671875e+02,1.600710754394531250e+02
7.215780639648437500e+01,1.071111450195312500e+02,1.728789978027343750e+02,1.016708679199218750e+02,1.283816528320312500e+02,1.461198883056640625e+02,8.644685363769531250e+01,1.747741699218750000e+02,1.619365692138671875e+02,1.698528289794921875e+02
7.537528228759765625e+01,1.009969482421875000e+02,1.790414733886718750e+02,1.110429840087890625e+02,1.367407073974609375e+02,1.427901306152343750e+02,8.976751708984375000e+01,1.728710937500000000e+02,1.613536376953125000e+02,1.787643127441406250e+02
9.730661010742187500e+01,1.059989624023437500e+02,1.728447570800781250e+02,1.001034851074218750e+02,1.262661437988281250e+02,1.472760162353515625e+02,1.042595596313476562e+02,1.812123413085937500e+02,1.475464477539062500e+02,1.798544006347656250e+02
7.990371704101562500e+01,8.582964324951171875e+01,1.689100952148437500e+02,1.205444259643554688e+02,1.146814346313476562e+02,1.342449035644531250e+02,6.920480346679687500e+01,1.403186492919921875e+02,1.392075347900390625e+02,1.759063415527343750e+02
8.054522705078125000e+01,1.089812469482421875e+02,1.704801330566406250e+02,1.010464706420898438e+02,1.185589294433593750e+02,1.450727691650390625e+02,1.180381927490234375e+02,1.820588531494140625e+02,1.664571075439453125e+02,1.798317108154296875e+02
8.100108337402343750e+01,1.011438903808593750e+02,1.644512023925781250e+02,1.045212554931640625e+02,1.111198425292968750e+02,1.451210174560546875e+02,9.055241394042968750e+01,1.670584564208984375e+02,1.497661132812500000e+02,1.712125244140625000e+02
8.482089996337890625e+01,1.049632110595703125e+02,1.741218872070312500e+02,1.044309005737304688e+02,1.209624481201171875e+02,1.501201477050781250e+02,1.054481048583984375e+02,1.814480285644531250e+02,1.535733947753906250e+02,1.817485656738281250e+02
8.541368103027343750e+01,1.119087600708007812e+02,1.607935485839843750e+02,9.337697601318359375e+01,1.205968627929687500e+02,1.439376831054687500e+02,1.132264938354492188e+02,1.652140502929687500e+02,1.711257324218750000e+02,1.519475097656250000e+02
8.128668212890625000e+01,1.023391876220703125e+02,1.685193176269531250e+02,1.007682189941406250e+02,1.308670959472656250e+02,1.342674255371093750e+02,9.177203369140625000e+01,1.710415954589843750e+02,1.555326232910156250e+02,1.674877624511718750e+02
8.033794403076171875e+01,9.278030395507812500e+01,1.752929229736328125e+02,1.163560638427734375e+02,1.287587738037109375e+02,1.364566345214843750e+02,7.396077728271484375e+01,1.592886657714843750e+02,1.456953277587890625e+02,1.789332275390625000e+02
8.367208099365234375e+01,1.178506317138671875e+02,1.552110595703125000e+02,9.086250305175781250e+01,1.230501785278320312e+02,1.447115173339843750e+02,1.176342239379882812e+02,1.825939636230468750e+02,1.722019653320312500e+02,1.633138275146484375e+02
7.543001556396484375e+01,1.087905197143554688e+02,1.683237304687500000e+02,9.579710388183593750e+01,1.286438293457031250e+02,1.319584503173828125e+02,1.058944168090820312e+02,1.788137817382812500e+02,1.611252136230468750e+02,1.672643127441406250e+02
9.036819458007812500e+01,1.101842956542968750e+02,1.639194946289062500e+02,1.018770599365234375e+02,1.440215148925781250e+02,1.428908233642578125e+02,9.990550994873046875e+01,1.712901916503906250e+02,1.598103332519531250e+02,1.581173553466796875e+02
7.977341461181640625e+01,1.124075164794921875e+02,1.599577636718750000e+02,9.836085510253906250e+01,1.135337142944335938e+02,1.485934753417968750e+02,1.103087921142578125e+02,1.837815856933593750e+02,1.573634948730468750e+02,1.774346923828125000e+02
9.025185394287109375e+01,1.008795166015625000e+02,1.651300354003906250e+02,1.118041152954101562e+02,1.369011840820312500e+02,1.474457550048828125e+02,8.291603088378906250e+01,1.620561676025390625e+02,1.404244384765625000e+02,1.679842224121093750e+02
6.843617248535156250e+01,1.044278259277343750e+02,1.876352844238281250e+02,1.045463562011718750e+02,1.185759811401367188e+02,1.326089477539062500e+02,9.163937377929687500e+01,1.793821716308593750e+02,1.530223693847656250e+02,1.826117248535156250e+02
8.187318420410156250e+01,1.047341461181640625e+02,1.530984802246093750e+02,1.049995956420898438e+02,1.403605346679687500e+02,1.271462326049804688e+02,1.149341278076171875e+02,1.785928039550781250e+02,1.704525756835937500e+02,1.711718444824218750e+02
7.665144348144531250e+01,1.050299377441406250e+02,1.714456024169921875e+02,1.010005035400390625e+02,1.183554992675781250e+02,1.414131164550781250e+02,8.987783813476562500e+01,1.707179412841796875e+02,1.672287597656250000e+02,1.681040649414062500e+02
7.520091247558593750e+01,9.706797790527343750e+01,1.750555877685546875e+02,1.110832138061523438e+02,1.025981292724609375e+02,1.357988891601562500e+02,7.557235717773437500e+01,1.681772766113281250e+02,1.404685668945312500e+02,1.807953186035156250e+02
8.656265258789062500e+01,1.191855468750000000e+02,1.666593017578125000e+02,9.039476013183593750e+01,1.409208984375000000e+02,1.448942871093750000e+02,1.204420471191406250e+02,1.826747894287109375e+02,1.790363464355468750e+02,1.605104675292968750e+02
8.693869781494140625e+01,1.022990722656250000e+02,1.667521972656250000e+02,1.044473800659179688e+02,1.388158874511718750e+02,1.441488952636718750e+02,1.026860351562500000e+02,1.753814392089843750e+02,1.579023437500000000e+02,1.784284973144531250e+02
8.346843719482421875e+01,9.721366119384765625e+01,1.763189392089843750e+02,1.098915557861328125e+02,1.207687225341796875e+02,1.430931396484375000e+02,8.882437133789062500e+01,1.601683959960937500e+02,1.605617675781250000e+02,1.713399963378906250e+02
8.753073120117187500e+01,1.011223449707031250e+02,1.642109375000000000e+02,1.055658721923828125e+02,1.155187225341796875e+02,1.468202667236328125e+02,9.669068908691406250e+01,1.591979370117187500e+02,1.539042053222656250e+02,1.648798828125000000e+02
8.434426879882812500e+01,9.623593139648437500e+01,1.735702819824218750e+02,1.126425323486328125e+02,1.360507202148437500e+02,1.379079895019531250e+02,8.076733398437500000e+01,1.629422607421875000e+02,1.464136962890625000e+02,1.768393707275390625e+02
8.687542724609375000e+01,1.034008712768554688e+02,1.650150451660156250e+02,1.086524276733398438e+02,1.214819335937500000e+02,1.396263580322265625e+02,8.885841369628906250e+01,1.719172668457031250e+02,1.433784027099609375e+02,1.812509002685546875e+02
7.874855041503906250e+01,1.021232910156250000e+02,1.632943115234375000e+02,1.017928085327148438e+02,1.137894058227539062e+02,1.348370971679687500e+02,9.554963684082031250e+01,1.735397338867187500e+02,1.482344818115234375e+02,1.735083770751953125e+02
8.223904418945312500e+01,1.051842651367187500e+02,1.755337677001953125e+02,1.048103485107421875e+02,1.271215820312500000e+02,1.361361389160156250e+02,9.725143432617187500e+01,1.679787292480468750e+02,1.646462249755859375e+02,1.668739013671875000e+02
8.864025878906250000e+01,1.086230468750000000e+02,1.699806518554687500e+02,9.905347442626953125e+01,1.226173095703125000e+02,1.377762603759765625e+02,1.124275817871093750e+02,1.742028503417968750e+02,1.671526489257812500e+02,1.654166107177734375e+02
7.392739868164062500e+01,1.006467590332031250e+02,1.789241027832031250e+02,1.082726821899414062e+02,1.304378509521484375e+02,1.586473999023437500e+02,7.728060150146484375e+01,1.712659912109375000e+02,1.419862365722656250e+02,1.619250183105468750e+02
7.406320190429687500e+01,1.083756256103515625e+02,1.699694213867187500e+02,9.709161376953125000e+01,1.197746887207031250e+02,1.394898681640625000e+02,8.898670959472656250e+01,1.702264862060546875e+02,1.643458862304687500e+02,1.651040039062500000e+02
8.225264739990234375e+01,1.163820343017578125e+02,1.653441314697265625e+02,9.188215637207031250e+01,1.216324157714843750e+02,1.434851684570312500e+02,1.183470611572265625e+02,1.830247497558593750e+02,1.679328308105468750e+02,1.711038513183593750e+02
6.769946289062500000e+01,1.093509826660156250e+02,1.809764709472656250e+02,9.816593933105468750e+01,1.288612976074218750e+02,1.425856323242187500e+02,9.157778930664062500e+01,1.849853820800781250e+02,1.705569152832031250e+02,1.808090972900390625e+02
7.977086639404296875e+01,1.138244781494140625e+02,1.716083984375000000e+02,9.720603942871093750e+01,1.234617919921875000e+02,1.527127838134765625e+02,1.082086791992187500e+02,1.808541564941406250e+02,1.674815979003906250e+02,1.705084686279296875e+02
8.260850524902343750e+01,1.138752136230468750e+02,1.779252319335937500e+02,8.931959533691406250e+01,1.441835632324218750e+02,1.380619659423828125e+02,1.194774780273437500e+02,1.900192565917968750e+02,1.782613677978515625e+02,1.722206420898437500e+02
8.191118621826171875e+01,1.097147521972656250e+02,1.611350402832031250e+02,9.600689697265625000e+01,1.199699707031250000e+02,1.392243957519531250e+02,1.030918731689453125e+02,1.776139831542968750e+02,1.591580200195312500e+02,1.673596801757812500e+02
7.815071105957031250e+01,1.182084655761718750e+02,1.597395935058593750e+02,8.969085693359375000e+01,1.148488540649414062e+02,1.421603698730468750e+02,1.148965148925781250e+02,1.807058410644531250e+02,1.684198608398437500e+02,1.656655578613281250e+02
8.387693786621093750e+01,9.697454833984375000e+01,1.703519592285156250e+02,1.083813629150390625e+02,1.285920562744140625e+02,1.368145141601562500e+02,8.833714294433593750e+01,1.621464538574218750e+02,1.512910156250000000e+02,1.711263122558593750e+02
7.835307312011718750e+01,1.044529724121093750e+02,1.601144866943359375e+02,1.041358642578125000e+02,1.210760345458984375e+02,1.462405395507812500e+02,9.764918518066406250e+01,1.751686248779296875e+02,1.535782470703125000e+02,1.722883758544921875e+02
7.983737182617187500e+01,1.139194030761718750e+02,1.605468292236328125e+02,9.617626190185546875e+01,1.350901031494140625e+02,1.399086914062500000e+02,1.046493377685546875e+02,1.782148284912109375e+02,1.607643737792968750e+02,1.653204040527343750e+02
8.369421386718750000e+01,1.185325622558593750e+02,1.536620483398437500e+02,9.290376281738281250e+01,1.297927703857421875e+02,1.372860565185546875e+02,1.257350006103515625e+02,1.768191223144531250e+02,1.728221130371093750e+02,1.594741516113281250e+02
8.389243316650390625e+01,9.900932312011718750e+01,1.785971069335937500e+02,1.082346954345703125e+02,1.275764465332031250e+02,1.591853790283203125e+02,8.497154235839843750e+01,1.715372924804687500e+02,1.480378112792968750e+02,1.871250457763671875e+02
7.921401977539062500e+01,1.152348022460937500e+02,1.648598022460937500e+02,9.354769897460937500e+01,1.415602111816406250e+02,1.336258697509765625e+02,1.163121185302734375e+02,1.812668762207031250e+02,1.653666381835937500e+02,1.735730743408203125e+02
8.906019592285156250e+01,1.088551330566406250e+02,1.718003845214843750e+02,1.019260711669921875e+02,1.168146362304687500e+02,1.330809020996093750e+02,1.091770172119140625e+02,1.726507263183593750e+02,1.595503845214843750e+02,1.694752655029296875e+02
8.830424499511718750e+01,9.222900390625000000e+01,1.698509368896484375e+02,1.140583496093750000e+02,1.186343612670898438e+02,1.483963928222656250e+02,7.981335449218750000e+01,1.523868255615234375e+02,1.455574645996093750e+02,1.703065643310546875e+02
6.876641845703125000e+01,1.063353424072265625e+02,1.748243713378906250e+02,1.012220916748046875e+02,1.240219573974609375e+02,1.308117980957031250e+02,8.703315734863281250e+01,1.741347503662109375e+02,1.615850982666015625e+02,1.744019927978515625e+02
8.192080688476562500e+01,9.689927673339843750e+01,1.768361816406250000e+02,1.104854812622070312e+02,1.231693191528320312e+02,1.398484191894531250e+02,8.847425079345703125e+01,1.598903808593750000e+02,1.560250549316406250e+02,1.711620788574218750e+02
7.598882293701171875e+01,1.260787353515625000e+02,1.650414886474609375e+02,8.351345062255859375e+01,1.430545501708984375e+02,1.524673156738281250e+02,1.152486038208007812e+02,1.822858886718750000e+02,1.761540069580078125e+02,1.584909973144531250e+02
8.243222045898437500e+01,1.079325485229492188e+02,1.720317077636718750e+02,1.035796356201171875e+02,1.244552764892578125e+02,1.522144165039062500e+02,1.043237304687500000e+02,1.686876525878906250e+02,1.669236907958984375e+02,1.647162780761718750e+02
8.299217987060546875e+01,9.473949432373046875e+01,1.750246276855468750e+02,1.150978240966796875e+02,1.320995178222656250e+02,1.540472106933593750e+02,8.735031127929687500e+01,1.732989501953125000e+02,1.392855377197265625e+02,1.819382781982421875e+02
8.274363708496093750e+01,9.394385528564453125e+01,1.723154907226562500e+02,1.166653366088867188e+02,1.209070968627929688e+02,1.428782348632812500e+02,8.695564270019531250e+01,1.804442443847656250e+02,1.387199554443359375e+02,1.968291015625000000e+02
8.099941253662109375e+01,1.050764160156250000e+02,1.735471191406250000e+02,1.051896209716796875e+02,1.273946228027343750e+02,1.502319335937500000e+02,9.307948303222656250e+01,1.701522521972656250e+02,1.592079315185546875e+02,1.708969421386718750e+02
7.694544982910156250e+01,1.223428039550781250e+02,1.597542266845703125e+02,8.787052917480468750e+01,1.314286193847656250e+02,1.328586578369140625e+02,1.202857513427734375e+02,1.781043395996093750e+02,1.760067443847656250e+02,1.516056060791015625e+02
8.518002319335937500e+01,8.914290618896484375e+01,1.773326568603515625e+02,1.156277770996093750e+02,1.141774444580078125e+02,1.401887664794921875e+02,8.770372009277343750e+01,1.636563873291015625e+02,1.467807922363281250e+02,1.789737854003906250e+02
8.738205718994140625e+01,1.083147583007812500e+02,1.718683319091796875e+02,1.010850830078125000e+02,1.247187500000000000e+02,1.433459320068359375e+02,9.484329223632812500e+01,1.710942535400390625e+02,1.695448455810546875e+02,1.674704284667968750e+02
9.747683715820312500e+01,1.019392242431640625e+02,1.457873840332031250e+02,1.131225433349609375e+02,1.110067138671875000e+02,1.341040649414062500e+02,8.785073089599609375e+01,1.638131408691406250e+02,1.354714050292968750e+02,1.825143890380859375e+02
8.144554901123046875e+01,9.330271911621093750e+01,1.723886108398437500e+02,1.142600097656250000e+02,1.272366638183593750e+02,1.420269165039062500e+02,8.459628295898437500e+01,1.711171264648437500e+02,1.466133728027343750e+02,1.853105163574218750e+02
7.547973632812500000e+01,1.104775848388671875e+02,1.658580017089843750e+02,9.439855957031250000e+01,1.274391708374023438e+02,1.346292724609375000e+02,1.118186035156250000e+02,1.785659637451171875e+02,1.574851074218750000e+02,1.711686859130859375e+02
7.668930053710937500e+01,1.053029556274414062e+02,1.750886535644531250e+02,1.010466308593750000e+02,1.294118347167968750e+02,1.334555969238281250e+02,9.976552581787109375e+01,1.788515319824218750e+02,1.598669128417968750e+02,1.727236938476562500e+02
8.164430236816406250e+01,1.009038543701171875e+02,1.722903747558593750e+02,1.081946258544921875e+02,1.225503692626953125e+02,1.507992858886718750e+02,8.994202423095703125e+01,1.690371093750000000e+02,1.529072570800781250e+02,1.748359069824218750e+02
6.696265411376953125e+01,8.389268493652343750e+01,1.868621215820312500e+02,1.239777221679687500e+02,1.097299041748046875e+02,1.612612609863281250e+02,6.560070037841796875e+01,1.585037536621093750e+02,1.315096435546875000e+02,1.769224548339843750e+02
8.419812011718750000e+01,1.011614532470703125e+02,1.691567077636718750e+02,1.086848526000976562e+02,1.355701751708984375e+02,1.405276489257812500e+02,9.597086334228515625e+01,1.652120666503906250e+02,1.517314147949218750e+02,1.653155975341796875e+02
8.484580230712890625e+01,1.009312591552734375e+02,1.658810424804687500e+02,1.093104248046875000e+02,1.355079345703125000e+02,1.313880004882812500e+02,9.110726165771484375e+01,1.662471313476562500e+02,1.496927795410156250e+02,1.700916442871093750e+02
7.607263946533203125e+01,9.251302337646484375e+01,1.770123138427734375e+02,1.166003265380859375e+02,1.276144256591796875e+02,1.434236145019531250e+02,8.099121093750000000e+01,1.713818817138671875e+02,1.381283569335937500e+02,1.843722534179687500e+02
7.303922271728515625e+01,1.137660980224609375e+02,1.773971557617187500e+02,9.642555236816406250e+01,1.248494186401367188e+02,1.429266357421875000e+02,1.112982406616210938e+02,1.869907531738281250e+02,1.666306457519531250e+02,1.792787170410156250e+02
8.259083557128906250e+01,1.036952819824218750e+02,1.686686401367187500e+02,9.680487060546875000e+01,1.165969314575195312e+02,1.414711914062500000e+02,1.044282531738281250e+02,1.790321044921875000e+02,1.538582458496093750e+02,1.739293823242187500e+02
8.608401489257812500e+01,9.747933959960937500e+01,1.717754211425781250e+02,1.115838928222656250e+02,1.348306274414062500e+02,1.447329254150390625e+02,9.382019805908203125e+01,1.726880340576171875e+02,1.399106750488281250e+02,1.795226440429687500e+02
8.737977600097656250e+01,1.053707580566406250e+02,1.651172943115234375e+02,1.024752044677734375e+02,1.099011688232421875e+02,1.387126464843750000e+02,1.038472290039062500e+02,1.786783599853515625e+02,1.462718048095703125e+02,1.779061126708984375e+02
9.030471801757812500e+01,9.753157043457031250e+01,1.656407470703125000e+02,1.130692901611328125e+02,1.379953613281250000e+02,1.479590759277343750e+02,8.611123657226562500e+01,1.642473754882812500e+02,1.456233520507812500e+02,1.708775024414062500e+02
7.599382019042968750e+01,1.053698043823242188e+02,1.752648315429687500e+02,9.976334381103515625e+01,1.220675811767578125e+02,1.436860198974609375e+02,1.041396636962890625e+02,1.823834381103515625e+02,1.614176483154296875e+02,1.748511047363281250e+02
7.819889831542968750e+01,1.020645980834960938e+02,1.702078247070312500e+02,1.077891998291015625e+02,1.295423431396484375e+02,1.446809387207031250e+02,9.530148315429687500e+01,1.822838745117187500e+02,1.484535369873046875e+02,1.857173004150390625e+02
8.083750915527343750e+01,1.021205291748046875e+02,1.715850372314453125e+02,1.088609008789062500e+02,1.262075805664062500e+02,1.487790832519531250e+02,9.301217651367187500e+01,1.675848999023437500e+02,1.550965270996093750e+02,1.750334014892578125e+02
7.893989562988281250e+01,1.120135803222656250e+02,1.693775787353515625e+02,9.010334777832031250e+01,1.287463836669921875e+02,1.339945068359375000e+02,1.032149810791015625e+02,1.731693878173828125e+02,1.706577148437500000e+02,1.557225036621093750e+02
8.288013458251953125e+01,1.024740524291992188e+02,1.679232788085937500e+02,1.115303344726562500e+02,1.306341705322265625e+02,1.508350830078125000e+02,8.505851745605468750e+01,1.656115112304687500e+02,1.514279174804687500e+02,1.716042785644531250e+02
8.047207641601562500e+01,1.068880844116210938e+02,1.681529693603515625e+02,1.004496154785156250e+02,1.370293579101562500e+02,1.224847106933593750e+02,1.139068756103515625e+02,1.778361816406250000e+02,1.589918823242187500e+02,1.708364410400390625e+02
8.777876281738281250e+01,1.007390441894531250e+02,1.702173461914062500e+02,1.104088363647460938e+02,1.428890533447265625e+02,1.305398864746093750e+02,9.843878173828125000e+01,1.724734802246093750e+02,1.581212005615234375e+02,1.788439025878906250e+02
8.238931274414062500e+01,1.042424697875976562e+02,1.693099975585937500e+02,1.057645950317382812e+02,1.230822296142578125e+02,1.414261016845703125e+02,9.310269165039062500e+01,1.757837219238281250e+02,1.536245422363281250e+02,1.749145507812500000e+02
8.665516662597656250e+01,9.232652282714843750e+01,1.735007171630859375e+02,1.169945678710937500e+02,1.339060821533203125e+02,1.395032653808593750e+02,8.159867858886718750e+01,1.587105560302734375e+02,1.448331298828125000e+02,1.748274383544921875e+02
8.426982116699218750e+01,1.090746002197265625e+02,1.654204559326171875e+02,1.009468383789062500e+02,1.383529968261718750e+02,1.441100158691406250e+02,1.024893188476562500e+02,1.712905578613281250e+02,1.635651550292968750e+02,1.602138519287109375e+02
8.437382507324218750e+01,1.156284561157226562e+02,1.633576660156250000e+02,9.563178253173828125e+01,1.145651931762695312e+02,1.417493438720703125e+02,1.005232543945312500e+02,1.731557922363281250e+02,1.655592346191406250e+02,1.595125732421875000e+02
7.827627563476562500e+01,8.854002380371093750e+01,1.550312042236328125e+02,1.167774353027343750e+02,1.193041152954101562e+02,1.196682586669921875e+02,7.362739562988281250e+01,1.623469696044921875e+02,1.406749267578125000e+02,1.769666442871093750e+02
7.622789001464843750e+01,1.076179504394531250e+02,1.678641815185546875e+02,1.016822814941406250e+02,1.305499267578125000e+02,1.349740295410156250e+02,1.014466400146484375e+02,1.789741821289062500e+02,1.546853790283203125e+02,1.722002105712890625e+02
8.778666687011718750e+01,9.012603759765625000e+01,1.722370300292968750e+02,1.188826599121093750e+02,1.347799530029296875e+02,1.393347473144531250e+02,8.530965423583984375e+01,1.572173156738281250e+02,1.413767089843750000e+02,1.750185546875000000e+02
7.984232330322265625e+01,1.005644302368164062e+02,1.741674499511718750e+02,1.086170578002929688e+02,1.398010559082031250e+02,1.401766357421875000e+02,8.997463989257812500e+01,1.664904327392578125e+02,1.587189941406250000e+02,1.718607788085937500e+02
7.349053192138671875e+01,1.075418701171875000e+02,1.683626251220703125e+02,9.817350769042968750e+01,1.275874633789062500e+02,1.324182434082031250e+02,8.662136840820312500e+01,1.701562194824218750e+02,1.612862854003906250e+02,1.630421447753906250e+02
9.232524108886718750e+01,1.013111648559570312e+02,1.740994415283203125e+02,1.128548507690429688e+02,1.158914718627929688e+02,1.536892700195312500e+02,1.041072235107421875e+02,1.788149108886718750e+02,1.471820831298828125e+02,1.854399871826171875e+02
8.172746276855468750e+01,1.127100219726562500e+02,1.698665161132812500e+02,9.663184356689453125e+01,1.396856079101562500e+02,1.441578063964843750e+02,1.025340576171875000e+02,1.816258544921875000e+02,1.610891265869140625e+02,1.709385223388671875e+02
8.414648437500000000e+01,1.175683288574218750e+02,1.516948547363281250e+02,9.713009643554687500e+01,1.150671844482421875e+02,1.449219665527343750e+02,1.207128753662109375e+02,1.796722412109375000e+02,1.717607116699218750e+02,1.606309814453125000e+02
7.813792419433593750e+01,1.093299407958984375e+02,1.712126159667968750e+02,9.689680480957031250e+01,1.331517181396484375e+02,1.471690368652343750e+02,9.563372802734375000e+01,1.747026367187500000e+02,1.675636291503906250e+02,1.668431549072265625e+02
8.787327575683593750e+01,1.066923828125000000e+02,1.630790100097656250e+02,1.030225830078125000e+02,1.187278366088867188e+02,1.349602355957031250e+02,1.017996063232421875e+02,1.713172912597656250e+02,1.551026916503906250e+02,1.674674377441406250e+02
8.389825439453125000e+01,1.191507797241210938e+02,1.566501312255859375e+02,9.218498229980468750e+01,1.067563171386718750e+02,1.426632080078125000e+02,1.166235275268554688e+02,1.827057495117187500e+02,1.615011901855468750e+02,1.655476989746093750e+02
8.720374298095703125e+01,1.126942901611328125e+02,1.659963378906250000e+02,9.647372436523437500e+01,1.424426879882812500e+02,1.467104339599609375e+02,1.155518341064453125e+02,1.733285522460937500e+02,1.619861145019531250e+02,1.705607604980468750e+02
9.021450805664062500e+01,1.017255554199218750e+02,1.602863616943359375e+02,1.093085708618164062e+02,1.068103942871093750e+02,1.288068695068359375e+02,9.202861785888671875e+01,1.739301910400390625e+02,1.429901428222656250e+02,1.749334259033203125e+02
7.888076019287109375e+01,1.123869018554687500e+02,1.765376892089843750e+02,9.746089172363281250e+01,1.356437683105468750e+02,1.452053222656250000e+02,1.025555877685546875e+02,1.775396881103515625e+02,1.669541168212890625e+02,1.720524902343750000e+02
7.879470825195312500e+01,1.098654174804687500e+02,1.612149658203125000e+02,9.999279785156250000e+01,1.208041152954101562e+02,1.454689331054687500e+02,1.051923065185546875e+02,1.787012634277343750e+02,1.668469848632812500e+02,1.651050415039062500e+02
8.084893798828125000e+01,1.087996673583984375e+02,1.636602478027343750e+02,9.993489074707031250e+01,1.405574340820312500e+02,1.331418457031250000e+02,1.196203384399414062e+02,1.749309997558593750e+02,1.619743957519531250e+02,1.683003540039062500e+02
8.468171691894531250e+01,1.064286346435546875e+02,1.736023864746093750e+02,1.030494079589843750e+02,1.386358337402343750e+02,1.374838867187500000e+02,9.473382568359375000e+01,1.708348083496093750e+02,1.684040527343750000e+02,1.648474273681640625e+02
7.972764587402343750e+01,9.079986572265625000e+01,1.837139434814453125e+02,1.202536849975585938e+02,1.224840393066406250e+02,1.419733276367187500e+02,8.561247253417968750e+01,1.794781188964843750e+02,1.272996978759765625e+02,1.923492279052734375e+02
9.174360656738281250e+01,1.131266632080078125e+02,1.584007873535156250e+02,1.010066223144531250e+02,1.200798721313476562e+02,1.344094543457031250e+02,1.172189941406250000e+02,1.710408630371093750e+02,1.733161315917968750e+02,1.599015045166015625e+02
8.304595947265625000e+01,1.140638504028320312e+02,1.660790863037109375e+02,9.677316284179687500e+01,1.247774276733398438e+02,1.286271057128906250e+02,1.172560501098632812e+02,1.592203369140625000e+02,1.690471496582031250e+02,1.570026550292968750e+02
8.414390563964843750e+01,1.011373443603515625e+02,1.698800048828125000e+02,1.104113693237304688e+02,1.225855712890625000e+02,1.504572296142578125e+02,8.822062683105468750e+01,1.643208618164062500e+02,1.515934753417968750e+02,1.715540161132812500e+02
7.984356689453125000e+01,1.169075927734375000e+02,1.731368713378906250e+02,9.275279998779296875e+01,1.439256134033203125e+02,1.465281677246093750e+02,1.183746948242187500e+02,1.905921325683593750e+02,1.742407226562500000e+02,1.739241943359375000e+02
8.541354370117187500e+01,1.052006988525390625e+02,1.658952026367187500e+02,1.035596084594726562e+02,1.257046356201171875e+02,1.360378417968750000e+02,9.804128265380859375e+01,1.689967346191406250e+02,1.533634338378906250e+02,1.708210449218750000e+02
6.968321990966796875e+01,1.037241973876953125e+02,1.798850402832031250e+02,1.002949295043945312e+02,1.208187103271484375e+02,1.473802795410156250e+02,9.703912353515625000e+01,1.747523498535156250e+02,1.590639801025390625e+02,1.750885925292968750e+02
8.044280242919921875e+01,1.110429382324218750e+02,1.650916137695312500e+02,9.354624938964843750e+01,1.386046752929687500e+02,1.348376770019531250e+02,1.043544769287109375e+02,1.750498962402343750e+02,1.654549407958984375e+02,1.631587524414062500e+02
8.166445922851562500e+01,9.327348327636718750e+01,1.764170532226562500e+02,1.166535644531250000e+02,1.130723342895507812e+02,1.509722595214843750e+02,7.894321441650390625e+01,1.643578186035156250e+02,1.498333587646484375e+02,1.810810852050781250e+02
8.201082611083984375e+01,1.151459503173828125e+02,1.623437805175781250e+02,9.451594543457031250e+01,1.214621353149414062e+02,1.392308349609375000e+02,1.141948089599609375e+02,1.801968383789062500e+02,1.628924255371093750e+02,1.670672607421875000e+02
8.372270202636718750e+01,9.683250427246093750e+01,1.265001220703125000e+02,1.256034698486328125e+02,1.361911010742187500e+02,1.326706085205078125e+02,9.477611541748046875e+01,1.640261840820312500e+02,1.409186706542968750e+02,1.617482147216796875e+02
7.993325805664062500e+01,1.129145507812500000e+02,1.565343780517578125e+02,9.777272033691406250e+01,1.173098373413085938e+02,1.490076599121093750e+02,1.111067199707031250e+02,1.862549438476562500e+02,1.592110900878906250e+02,1.749183654785156250e+02
7.668540954589843750e+01,1.007961883544921875e+02,1.767522277832031250e+02,1.082543334960937500e+02,1.290432434082031250e+02,1.471377563476562500e+02,8.949229431152343750e+01,1.744700317382812500e+02,1.579321746826171875e+02,1.790265808105468750e+02
8.310884857177734375e+01,1.058301696777343750e+02,1.655447387695312500e+02,9.885440063476562500e+01,1.248964920043945312e+02,1.413421173095703125e+02,9.631487274169921875e+01,1.672434539794921875e+02,1.598866577148437500e+02,1.579276580810546875e+02
7.785913085937500000e+01,9.873822021484375000e+01,1.805469360351562500e+02,1.119702606201171875e+02,1.286629943847656250e+02,1.206759262084960938e+02,1.243863754272460938e+02,1.306144561767578125e+02,1.524428100585937500e+02,1.731746215820312500e+02
7.990019226074218750e+01,1.042376403808593750e+02,1.720145721435546875e+02,1.035374984741210938e+02,1.323807983398437500e+02,1.487941589355468750e+02,9.004663848876953125e+01,1.644636077880859375e+02,1.644814300537109375e+02,1.638282775878906250e+02
8.184455108642578125e+01,9.367205810546875000e+01,1.745881347656250000e+02,1.150296173095703125e+02,1.206587066650390625e+02,1.460694427490234375e+02,8.257296752929687500e+01,1.609651794433593750e+02,1.502398071289062500e+02,1.734591674804687500e+02
7.762741088867187500e+01,1.047703552246093750e+02,1.750744018554687500e+02,1.050337066650390625e+02,1.225740509033203125e+02,1.402663879394531250e+02,9.295831298828125000e+01,1.707898864746093750e+02,1.631701660156250000e+02,1.748291320800781250e+02
7.945648956298828125e+01,9.723122406005859375e+01,1.806265563964843750e+02,1.106345520019531250e+02,1.253724746704101562e+02,1.368905181884765625e+02,8.994334411621093750e+01,1.756989440917968750e+02,1.441932373046875000e+02,1.857494812011718750e+02
7.268635559082031250e+01,1.084083557128906250e+02,1.755726013183593750e+02,1.058749389648437500e+02,1.315963439941406250e+02,1.336229248046875000e+02,8.754761505126953125e+01,1.778831329345703125e+02,1.305714721679687500e+02,1.883797760009765625e+02
8.005225372314453125e+01,1.146495666503906250e+02,1.638490905761718750e+02,9.504107666015625000e+01,1.367919464111328125e+02,1.324269714355468750e+02,1.093627014160156250e+02,1.777107086181640625e+02,1.672708892822265625e+02,1.624380798339843750e+02
8.085893249511718750e+01,8.698495483398437500e+01,1.751816711425781250e+02,1.238490295410156250e+02,1.104380187988281250e+02,1.520054016113281250e+02,6.799326324462890625e+01,1.670795898437500000e+02,1.200259246826171875e+02,1.886766357421875000e+02
8.201181030273437500e+01,1.010789489746093750e+02,1.714971008300781250e+02,1.084527435302734375e+02,1.233069686889648438e+02,1.382010498046875000e+02,8.896076965332031250e+01,1.678867187500000000e+02,1.523106384277343750e+02,1.730641479492187500e+02
1.048199157714843750e+02,9.675279235839843750e+01,1.578880157470703125e+02,1.194331436157226562e+02,1.266164093017578125e+02,1.266692581176757812e+02,8.819256591796875000e+01,1.458347778320312500e+02,1.341969451904296875e+02,1.641722412109375000e+02
8.967887115478515625e+01,9.117697143554687500e+01,1.731713867187500000e+02,1.173055572509765625e+02,1.111521530151367188e+02,1.510404357910156250e+02,9.361930084228515625e+01,1.710962219238281250e+02,1.409200744628906250e+02,1.866679687500000000e+02
8.187542724609375000e+01,9.624670410156250000e+01,1.835099792480468750e+02,1.188823699951171875e+02,1.106251831054687500e+02,1.611980285644531250e+02,9.404206848144531250e+01,1.771178283691406250e+02,1.474216613769531250e+02,1.939209594726562500e+02
8.314588928222656250e+01,1.009744338989257812e+02,1.616957092285156250e+02,1.037696838378906250e+02,1.535789642333984375e+02,1.243823394775390625e+02,1.231408538818359375e+02,1.708064880371093750e+02,1.704625854492187500e+02,1.702561035156250000e+02
7.551280212402343750e+01,1.105891418457031250e+02,1.688204956054687500e+02,8.970040893554687500e+01,1.114800949096679688e+02,1.279104156494140625e+02,9.883164215087890625e+01,1.801337280273437500e+02,1.657810974121093750e+02,1.620547180175781250e+02
8.267003631591796875e+01,9.814450836181640625e+01,1.735247802734375000e+02,1.158157348632812500e+02,1.162008819580078125e+02,1.512854614257812500e+02,9.089038848876953125e+01,1.831860198974609375e+02,1.381211242675781250e+02,1.941464233398437500e+02
8.705180358886718750e+01,1.043073272705078125e+02,1.666181945800781250e+02,1.045140914916992188e+02,1.349906005859375000e+02,1.402706298828125000e+02,9.033843231201171875e+01,1.679782257080078125e+02,1.610136566162109375e+02,1.680424194335937500e+02
7.559708404541015625e+01,9.745664978027343750e+01,1.769860229492187500e+02,1.088223114013671875e+02,1.239498443603515625e+02,1.295907745361328125e+02,9.084993743896484375e+01,1.616249237060546875e+02,1.530942687988281250e+02,1.820361938476562500e+02
7.686888122558593750e+01,9.691809082031250000e+01,1.687934112548828125e+02,1.096698760986328125e+02,1.271448593139648438e+02,1.422103271484375000e+02,8.275293731689453125e+01,1.641282043457031250e+02,1.538837280273437500e+02,1.743306274414062500e+02
8.237404632568359375e+01,1.146199493408203125e+02,1.688760681152343750e+02,9.082674407958984375e+01,1.504213867187500000e+02,1.323326721191406250e+02,1.258200988769531250e+02,1.841935424804687500e+02,1.742408447265625000e+02,1.728139038085937500e+02
7.937757873535156250e+01,1.041702575683593750e+02,1.702885742187500000e+02,1.034709472656250000e+02,1.173029785156250000e+02,1.429947814941406250e+02,1.009615631103515625e+02,1.743176727294921875e+02,1.557710876464843750e+02,1.739590148925781250e+02
7.508677673339843750e+01,9.977000427246093750e+01,1.751543884277343750e+02,1.077257537841796875e+02,1.089073181152343750e+02,1.541114807128906250e+02,8.604223632812500000e+01,1.647952575683593750e+02,1.633648529052734375e+02,1.687654418945312500e+02
8.138092041015625000e+01,9.796919250488281250e+01,1.759157409667968750e+02,1.132002334594726562e+02,1.214813232421875000e+02,1.365571594238281250e+02,8.407044982910156250e+01,1.623150329589843750e+02,1.528275604248046875e+02,1.809939270019531250e+02
8.226039123535156250e+01,1.023584136962890625e+02,1.718092651367187500e+02,1.081297378540039062e+02,1.180806579589843750e+02,1.420903625488281250e+02,9.685176086425781250e+01,1.632814178466796875e+02,1.555613403320312500e+02,1.708052673339843750e+02
8.916146850585937500e+01,8.761528015136718750e+01,1.727343597412109375e+02,1.216667785644531250e+02,1.199067153930664062e+02,1.312232208251953125e+02,8.285257720947265625e+01,1.593792724609375000e+02,1.286594848632812500e+02,1.795044860839843750e+02
8.154794311523437500e+01,1.072606887817382812e+02,1.689938659667968750e+02,1.049466400146484375e+02,1.271306762695312500e+02,1.311497650146484375e+02,1.057304077148437500e+02,1.780896606445312500e+02,1.528674316406250000e+02,1.742963409423828125e+02
8.559281158447265625e+01,1.045287628173828125e+02,1.605719604492187500e+02,1.044214324951171875e+02,1.452103881835937500e+02,1.416758422851562500e+02,1.046375427246093750e+02,1.789687500000000000e+02,1.526824188232421875e+02,1.812308502197265625e+02
7.828936767578125000e+01,1.029564666748046875e+02,1.734754180908203125e+02,1.066818847656250000e+02,1.383622436523437500e+02,1.487071075439453125e+02,9.905464935302734375e+01,1.819365081787109375e+02,1.564644927978515625e+02,1.818979644775390625e+02
8.592683410644531250e+01,9.885075378417968750e+01,1.663243408203125000e+02,1.075361328125000000e+02,1.364676818847656250e+02,1.335740051269531250e+02,9.179524993896484375e+01,1.625816802978515625e+02,1.547803802490234375e+02,1.663131408691406250e+02
8.527458190917968750e+01,9.850145721435546875e+01,1.684522705078125000e+02,1.070099182128906250e+02,1.265476379394531250e+02,1.413475341796875000e+02,9.349056243896484375e+01,1.722958984375000000e+02,1.383359680175781250e+02,1.758606872558593750e+02
7.857876586914062500e+01,1.166618957519531250e+02,1.663489685058593750e+02,9.386800384521484375e+01,1.252880783081054688e+02,1.469331512451171875e+02,1.095298614501953125e+02,1.800424041748046875e+02,1.710110473632812500e+02,1.688215942382812500e+02
8.308546447753906250e+01,9.255702209472656250e+01,1.639713287353515625e+02,1.127040100097656250e+02,1.294956817626953125e+02,1.438067626953125000e+02,8.406397247314453125e+01,1.681240234375000000e+02,1.342817077636718750e+02,1.743553314208984375e+02
8.253845214843750000e+01,9.814118194580078125e+01,1.594376525878906250e+02,1.187768859863281250e+02,1.130338897705078125e+02,1.417675781250000000e+02,1.065756683349609375e+02,1.480829467773437500e+02,1.394970092773437500e+02,1.784345092773437500e+02
7.409226226806640625e+01,1.163051147460937500e+02,1.674335784912109375e+02,9.450621032714843750e+01,1.253841705322265625e+02,1.391964569091796875e+02,1.040165023803710938e+02,1.793795471191406250e+02,1.653626251220703125e+02,1.663867034912109375e+02
9.288001251220703125e+01,9.926602935791015625e+01,1.711673278808593750e+02,1.201234283447265625e+02,1.249620971679687500e+02,1.282881317138671875e+02,9.898002624511718750e+01,1.814639129638671875e+02,1.416584014892578125e+02,1.903281250000000000e+02
7.972371673583984375e+01,1.048920974731445312e+02,1.700619354248046875e+02,1.046109313964843750e+02,1.267024536132812500e+02,1.502757873535156250e+02,9.070336151123046875e+01,1.698180389404296875e+02,1.549368896484375000e+02,1.701246643066406250e+02
7.433480072021484375e+01,1.067617034912109375e+02,1.727244262695312500e+02,1.057098464965820312e+02,1.327282257080078125e+02,1.554755249023437500e+02,9.863973999023437500e+01,1.939110565185546875e+02,1.480657348632812500e+02,1.881974182128906250e+02
8.673459625244140625e+01,1.260159301757812500e+02,1.658449707031250000e+02,8.094723510742187500e+01,1.185316162109375000e+02,1.285086669921875000e+02,1.262989196777343750e+02,1.760385742187500000e+02,1.718868865966796875e+02,1.574976348876953125e+02
8.459513854980468750e+01,1.139552383422851562e+02,1.596741333007812500e+02,9.815419006347656250e+01,1.279569396972656250e+02,1.311070098876953125e+02,1.028281478881835938e+02,1.711029968261718750e+02,1.697487182617187500e+02,1.551728973388671875e+02
7.748936462402343750e+01,1.126188125610351562e+02,1.694699096679687500e+02,9.893290710449218750e+01,1.393925476074218750e+02,1.357528991699218750e+02,1.097090454101562500e+02,1.834705810546875000e+02,1.590215759277343750e+02,1.746651916503906250e+02
9.781056213378906250e+01,1.135701293945312500e+02,1.635963134765625000e+02,9.869482421875000000e+01,1.336468811035156250e+02,1.334183349609375000e+02,1.086885681152343750e+02,1.799631042480468750e+02,1.506702880859375000e+02,1.771128387451171875e+02
7.891561889648437500e+01,1.205524597167968750e+02,1.651338195800781250e+02,8.903692626953125000e+01,1.291667022705078125e+02,1.471976318359375000e+02,1.143504943847656250e+02,1.722679443359375000e+02,1.823030700683593750e+02,1.476801452636718750e+02
7.710850524902343750e+01,1.122039794921875000e+02,1.703381652832031250e+02,9.779261779785156250e+01,1.428344421386718750e+02,1.424317932128906250e+02,9.318904113769531250e+01,1.738185729980468750e+02,1.632133483886718750e+02,1.628360900878906250e+02
9.310990905761718750e+01,1.036593170166015625e+02,1.606925659179687500e+02,1.086255035400390625e+02,9.168773651123046875e+01,1.327061157226562500e+02,8.584206390380859375e+01,1.665943908691406250e+02,1.364706573486328125e+02,1.763479003906250000e+02
7.833418273925781250e+01,1.051702575683593750e+02,1.685749206542968750e+02,1.021882629394531250e+02,1.411029052734375000e+02,1.320618896484375000e+02,1.084200515747070312e+02,1.795489196777343750e+02,1.591186370849609375e+02,1.778087005615234375e+02
7.323103332519531250e+01,1.057269821166992188e+02,1.758328247070312500e+02,1.005605163574218750e+02,1.157566986083984375e+02,1.385511779785156250e+02,9.571966552734375000e+01,1.779278717041015625e+02,1.517902526855468750e+02,1.781694030761718750e+02
8.485433959960937500e+01,1.059782867431640625e+02,1.665512084960937500e+02,1.034631347656250000e+02,1.284260253906250000e+02,1.359357299804687500e+02,9.521003723144531250e+01,1.728874206542968750e+02,1.582637786865234375e+02,1.706805419921875000e+02
7.356483459472656250e+01,1.111126403808593750e+02,1.830797424316406250e+02,1.008493652343750000e+02,1.274189834594726562e+02,1.205574645996093750e+02,1.044616546630859375e+02,1.712688903808593750e+02,1.644656982421875000e+02,1.701339263916015625e+02
8.025431060791015625e+01,1.091839904785156250e+02,1.621844482421875000e+02,9.832990264892578125e+01,1.116917572021484375e+02,1.235530090332031250e+02,9.912112426757812500e+01,1.694342041015625000e+02,1.551142578125000000e+02,1.657480773925781250e+02
8.737255096435546875e+01,9.786719512939453125e+01,1.707913665771484375e+02,1.125523681640625000e+02,1.250619354248046875e+02,1.408810424804687500e+02,8.644384765625000000e+01,1.634622802734375000e+02,1.531767883300781250e+02,1.718368682861328125e+02
7.721533203125000000e+01,9.721082305908203125e+01,1.749925842285156250e+02,1.089415588378906250e+02,1.214185714721679688e+02,1.423879699707031250e+02,9.216585540771484375e+01,1.742622070312500000e+02,1.468207550048828125e+02,1.827758331298828125e+02
7.795317077636718750e+01,1.040957794189453125e+02,1.653065185546875000e+02,1.016501922607421875e+02,1.105785598754882812e+02,1.207803344726562500e+02,8.754894256591796875e+01,1.665312500000000000e+02,1.432339630126953125e+02,1.667031555175781250e+02
8.441777038574218750e+01,9.860273742675781250e+01,1.707713928222656250e+02,1.084823913574218750e+02,1.157876281738281250e+02,1.325051269531250000e+02,9.911473083496093750e+01,1.768885803222656250e+02,1.373869323730468750e+02,1.834613952636718750e+02
7.839743041992187500e+01,1.163818359375000000e+02,1.649926757812500000e+02,9.340739440917968750e+01,1.374628753662109375e+02,1.354093017578125000e+02,1.077973785400390625e+02,1.749436035156250000e+02,1.718613739013671875e+02,1.561762084960937500e+02
8.958694458007812500e+01,9.007061767578125000e+01,1.701686706542968750e+02,1.187182159423828125e+02,1.127822570800781250e+02,1.353135070800781250e+02,8.581268310546875000e+01,1.515187683105468750e+02,1.509693298339843750e+02,1.760746765136718750e+02
7.058663177490234375e+01,9.561961364746093750e+01,1.734252624511718750e+02,1.136218414306640625e+02,1.035053253173828125e+02,1.453039093017578125e+02,8.454991149902343750e+01,1.713953094482421875e+02,1.484930419921875000e+02,1.863469848632812500e+02
8.587883758544921875e+01,1.117274017333984375e+02,1.679311370849609375e+02,9.101762390136718750e+01,1.176744079589843750e+02,1.225173797607421875e+02,1.077716064453125000e+02,1.680846557617187500e+02,1.481131286621093750e+02,1.648299560546875000e+02
6.451550292968750000e+01,1.242545318603515625e+02,1.777628479003906250e+02,8.123051452636718750e+01,1.226777038574218750e+02,1.343148498535156250e+02,1.079364242553710938e+02,1.870426330566406250e+02,1.745272827148437500e+02,1.603970642089843750e+02
8.645391845703125000e+01,1.034196014404296875e+02,1.750727081298828125e+02,1.050312423706054688e+02,1.143104171752929688e+02,1.511983032226562500e+02,1.049594116210937500e+02,1.777392883300781250e+02,1.446003417968750000e+02,1.744511108398437500e+02
7.801576232910156250e+01,1.036461944580078125e+02,1.749058074951171875e+02,1.043186492919921875e+02,1.139346618652343750e+02,1.352915344238281250e+02,9.437606811523437500e+01,1.750350494384765625e+02,1.630058898925781250e+02,1.709527893066406250e+02
7.267047119140625000e+01,1.185385894775390625e+02,1.559020080566406250e+02,1.141936645507812500e+02,1.350257568359375000e+02,1.733692932128906250e+02,1.010121688842773438e+02,1.967878265380859375e+02,1.617115478515625000e+02,1.911178283691406250e+02
7.848408508300781250e+01,1.010203399658203125e+02,1.664738769531250000e+02,1.111763763427734375e+02,1.268256072998046875e+02,1.342475585937500000e+02,9.349331665039062500e+01,1.741313781738281250e+02,1.481766815185546875e+02,1.788401489257812500e+02
8.515950012207031250e+01,1.086493072509765625e+02,1.674361267089843750e+02,1.000268936157226562e+02,1.304893798828125000e+02,1.436696472167968750e+02,1.048096618652343750e+02,1.676534881591796875e+02,1.586356506347656250e+02,1.637037353515625000e+02
7.910774230957031250e+01,9.963491821289062500e+01,1.716682434082031250e+02,9.902169799804687500e+01,1.309694976806640625e+02,1.339789428710937500e+02,8.623911285400390625e+01,1.631641845703125000e+02,1.624131774902343750e+02,1.615373382568359375e+02
8.281460571289062500e+01,1.007628631591796875e+02,1.750287322998046875e+02,1.064160003662109375e+02,1.222225952148437500e+02,1.399396362304687500e+02,9.014392089843750000e+01,1.657594909667968750e+02,1.674131774902343750e+02,1.710509033203125000e+02
8.663925170898437500e+01,9.761521911621093750e+01,1.726500854492187500e+02,1.123996734619140625e+02,1.300437011718750000e+02,1.447703857421875000e+02,8.402542114257812500e+01,1.620828399658203125e+02,1.466745605468750000e+02,1.747310333251953125e+02
8.520624542236328125e+01,1.064010314941406250e+02,1.702999572753906250e+02,9.850389099121093750e+01,1.303145751953125000e+02,1.420942993164062500e+02,9.854580688476562500e+01,1.675122070312500000e+02,1.657332763671875000e+02,1.592355041503906250e+02
8.677999877929687500e+01,1.096141662597656250e+02,1.668093414306640625e+02,9.874786376953125000e+01,1.082129898071289062e+02,1.431772155761718750e+02,1.097375564575195312e+02,1.702516784667968750e+02,1.744118347167968750e+02,1.612079925537109375e+02
8.474845886230468750e+01,1.285965118408203125e+02,1.604004516601562500e+02,8.731982421875000000e+01,1.291662597656250000e+02,1.316870422363281250e+02,1.256379852294921875e+02,1.725751037597656250e+02,1.775863037109375000e+02,1.429239349365234375e+02
7.554170989990234375e+01,1.034113464355468750e+02,1.719127502441406250e+02,1.010729446411132812e+02,1.261484146118164062e+02,1.438154296875000000e+02,9.748472595214843750e+01,1.794096069335937500e+02,1.580347290039062500e+02,1.749003448486328125e+02
8.689791870117187500e+01,1.069195709228515625e+02,1.628214111328125000e+02,1.033117218017578125e+02,1.096979598999023438e+02,1.462930145263671875e+02,1.003824462890625000e+02,1.771927490234375000e+02,1.617930908203125000e+02,1.743100280761718750e+02
6.786244964599609375e+01,1.085014572143554688e+02,1.803044891357421875e+02,9.658003234863281250e+01,1.191128387451171875e+02,1.359541320800781250e+02,9.384369659423828125e+01,1.779867553710937500e+02,1.678356018066406250e+02,1.670700073242187500e+02
8.597653961181640625e+01,1.007874755859375000e+02,1.689980468750000000e+02,1.108033142089843750e+02,1.251175079345703125e+02,1.359710693359375000e+02,9.470243072509765625e+01,1.700052795410156250e+02,1.478000793457031250e+02,1.747256164550781250e+02
8.859779357910156250e+01,1.062609100341796875e+02,1.447416381835937500e+02,1.162704467773437500e+02,1.427430419921875000e+02,1.401198120117187500e+02,1.000112304687500000e+02,1.860638275146484375e+02,1.479745483398437500e+02,1.851080932617187500e+02
8.209449768066406250e+01,1.066044006347656250e+02,1.697980957031250000e+02,1.022562408447265625e+02,1.303332824707031250e+02,1.374494628906250000e+02,9.455633544921875000e+01,1.670370178222656250e+02,1.638457336425781250e+02,1.633105926513671875e+02
8.078071594238281250e+01,9.524876403808593750e+01,1.738052673339843750e+02,1.074950790405273438e+02,1.262461853027343750e+02,1.469607849121093750e+02,8.356893920898437500e+01,1.705554046630859375e+02,1.418419799804687500e+02,1.793515930175781250e+02
9.451992797851562500e+01,1.087334136962890625e+02,1.666087036132812500e+02,9.764609527587890625e+01,1.113746032714843750e+02,1.509828796386718750e+02,1.068301544189453125e+02,1.846114501953125000e+02,1.520933837890625000e+02,1.822860107421875000e+02
8.140575408935546875e+01,1.197978973388671875e+02,1.631020660400390625e+02,9.066149902343750000e+01,1.285135345458984375e+02,1.463831634521484375e+02,1.126968536376953125e+02,1.725768127441406250e+02,1.752960052490234375e+02,1.521346588134765625e+02
8.656098937988281250e+01,9.683808898925781250e+01,1.744651489257812500e+02,1.149129791259765625e+02,1.212084808349609375e+02,1.526460876464843750e+02,8.870298004150390625e+01,1.645464782714843750e+02,1.527456665039062500e+02,1.784681396484375000e+02
6.825559997558593750e+01,1.074995117187500000e+02,1.749641418457031250e+02,1.015086975097656250e+02,1.250761184692382812e+02,1.539081268310546875e+02,8.775250244140625000e+01,1.696639099121093750e+02,1.608920898437500000e+02,1.697568359375000000e+02
8.640582275390625000e+01,8.950120544433593750e+01,1.780088653564453125e+02,1.197441940307617188e+02,1.115033721923828125e+02,1.457930603027343750e+02,8.404803466796875000e+01,1.664091644287109375e+02,1.390400390625000000e+02,1.840856018066406250e+02
8.628249359130859375e+01,9.759364318847656250e+01,1.648455047607421875e+02,1.144985809326171875e+02,1.257731781005859375e+02,1.263415679931640625e+02,7.959239196777343750e+01,1.585791931152343750e+02,1.384911804199218750e+02,1.605286560058593750e+02
7.748325347900390625e+01,1.171747207641601562e+02,1.669680633544921875e+02,9.619772338867187500e+01,1.240571136474609375e+02,1.503777770996093750e+02,1.091303939819335938e+02,1.788868713378906250e+02,1.680833129882812500e+02,1.686789855957031250e+02
7.809658050537109375e+01,1.129169692993164062e+02,1.682705688476562500e+02,9.545312500000000000e+01,1.328730773925781250e+02,1.419550781250000000e+02,1.009004364013671875e+02,1.730833740234375000e+02,1.682716064453125000e+02,1.591555480957031250e+02
8.245716857910156250e+01,1.104413299560546875e+02,1.684592285156250000e+02,1.043955535888671875e+02,1.270057983398437500e+02,1.414015808105468750e+02,9.556072998046875000e+01,1.700274200439453125e+02,1.557072753906250000e+02,1.667976989746093750e+02
7.572863006591796875e+01,1.060051269531250000e+02,1.523990478515625000e+02,1.122236633300781250e+02,1.145025100708007812e+02,1.408561096191406250e+02,8.908285522460937500e+01,1.705883178710937500e+02,1.561317138671875000e+02,1.702926940917968750e+02
7.324554443359375000e+01,1.074438552856445312e+02,1.810550079345703125e+02,1.058515853881835938e+02,1.265021438598632812e+02,1.442856903076171875e+02,9.366847229003906250e+01,1.736001586914062500e+02,1.553347930908203125e+02,1.797464904785156250e+02
8.270880126953125000e+01,1.016486282348632812e+02,1.692155609130859375e+02,1.083551025390625000e+02,1.246945648193359375e+02,1.373260803222656250e+02,9.050207519531250000e+01,1.643030242919921875e+02,1.565126037597656250e+02,1.669746398925781250e+02
8.013037872314453125e+01,1.188339462280273438e+02,1.674203186035156250e+02,9.155732727050781250e+01,1.351373596191406250e+02,1.502231750488281250e+02,1.023961486816406250e+02,1.779842224121093750e+02,1.756351928710937500e+02,1.542962036132812500e+02
8.903813171386718750e+01,8.618226623535156250e+01,1.722209777832031250e+02,1.236349563598632812e+02,1.190216598510742188e+02,1.293158416748046875e+02,7.241078186035156250e+01,1.460655517578125000e+02,1.333518371582031250e+02,1.777364196777343750e+02
8.320427703857421875e+01,1.051967849731445312e+02,1.744248352050781250e+02,1.023932647705078125e+02,1.300821838378906250e+02,1.228967819213867188e+02,1.072081451416015625e+02,1.652634735107421875e+02,1.605666046142578125e+02,1.675777435302734375e+02
7.704547119140625000e+01,1.017581787109375000e+02,1.757605133056640625e+02,1.047536315917968750e+02,1.231842193603515625e+02,1.304998779296875000e+02,9.476818847656250000e+01,1.800003814697265625e+02,1.519652709960937500e+02,1.839736633300781250e+02
8.088137817382812500e+01,9.505076599121093750e+01,1.761400146484375000e+02,1.135141601562500000e+02,1.208171386718750000e+02,1.537761840820312500e+02,8.541454315185546875e+01,1.611526794433593750e+02,1.516949768066406250e+02,1.741139221191406250e+02
8.484830474853515625e+01,1.129029617309570312e+02,1.729598999023437500e+02,9.672593688964843750e+01,1.254711151123046875e+02,1.367189025878906250e+02,1.197371978759765625e+02,1.769992370605468750e+02,1.690483398437500000e+02,1.760039367675781250e+02
7.658564758300781250e+01,1.009449157714843750e+02,1.705846710205078125e+02,1.079892730712890625e+02,1.122192230224609375e+02,1.290672302246093750e+02,9.045021820068359375e+01,1.794070587158203125e+02,1.423461761474609375e+02,1.830413970947265625e+02
9.189169311523437500e+01,1.228184051513671875e+02,1.587036437988281250e+02,9.155025482177734375e+01,1.184757080078125000e+02,1.348332824707031250e+02,1.189136962890625000e+02,1.818602905273437500e+02,1.665422668457031250e+02,1.655999450683593750e+02
8.380915832519531250e+01,1.064425354003906250e+02,1.753337097167968750e+02,1.045338058471679688e+02,1.294510803222656250e+02,1.411548004150390625e+02,9.997618103027343750e+01,1.715628662109375000e+02,1.619811859130859375e+02,1.708039245605468750e+02
7.705530548095703125e+01,1.086899108886718750e+02,1.728329162597656250e+02,1.004024200439453125e+02,1.222517318725585938e+02,1.474637145996093750e+02,9.353720092773437500e+01,1.729774475097656250e+02,1.731971740722656250e+02,1.687336730957031250e+02
7.481730651855468750e+01,1.106186828613281250e+02,1.665971679687500000e+02,9.717829895019531250e+01,1.322951507568359375e+02,1.356103820800781250e+02,1.021551208496093750e+02,1.747777404785156250e+02,1.575804138183593750e+02,1.670229492187500000e+02
7.944224548339843750e+01,1.187978210449218750e+02,1.673137512207031250e+02,8.882098388671875000e+01,1.359070129394531250e+02,1.398670196533203125e+02,9.913657379150390625e+01,1.722501220703125000e+02,1.783689727783203125e+02,1.496866455078125000e+02
7.647889709472656250e+01,9.693664550781250000e+01,1.662043457031250000e+02,1.108576965332031250e+02,1.070787124633789062e+02,1.463946533203125000e+02,8.705882263183593750e+01,1.712592163085937500e+02,1.421014404296875000e+02,1.793410491943359375e+02
8.092530822753906250e+01,1.006622924804687500e+02,1.797857971191406250e+02,1.125923004150390625e+02,1.256624603271484375e+02,1.511648864746093750e+02,8.496250152587890625e+01,1.672897338867187500e+02,1.581862487792968750e+02,1.745915832519531250e+02
7.762812805175781250e+01,1.075085906982421875e+02,1.663034362792968750e+02,1.006723022460937500e+02,1.309979248046875000e+02,1.487583770751953125e+02,8.881042480468750000e+01,1.672676086425781250e+02,1.588646392822265625e+02,1.637097473144531250e+02
9.693618774414062500e+01,1.015873489379882812e+02,1.620607299804687500e+02,1.176578674316406250e+02,1.183914947509765625e+02,1.305713195800781250e+02,8.389982604980468750e+01,1.686909637451171875e+02,1.287932434082031250e+02,1.819220581054687500e+02
7.707917022705078125e+01,1.089621276855468750e+02,1.742711944580078125e+02,9.981718444824218750e+01,1.375405578613281250e+02,1.556517944335937500e+02,1.052000885009765625e+02,1.884751586914062500e+02,1.575258789062500000e+02,1.796328735351562500e+02
8.950248718261718750e+01,8.815554809570312500e+01,1.736430969238281250e+02,1.230771331787109375e+02,1.313796081542968750e+02,1.428884429931640625e+02,7.024117279052734375e+01,1.498984527587890625e+02,1.376312408447265625e+02,1.768977661132812500e+02
8.550316619873046875e+01,1.135143737792968750e+02,1.643437194824218750e+02,9.612053680419921875e+01,1.222778930664062500e+02,1.489385986328125000e+02,1.106646270751953125e+02,1.779201965332031250e+02,1.677108612060546875e+02,1.679088439941406250e+02
8.310388183593750000e+01,9.756540679931640625e+01,1.686476745605468750e+02,1.117431640625000000e+02,1.021884307861328125e+02,1.374563751220703125e+02,8.135804748535156250e+01,1.580146789550781250e+02,1.466377563476562500e+02,1.746639709472656250e+02
8.032358551025390625e+01,9.990180206298828125e+01,1.729010314941406250e+02,1.039871749877929688e+02,1.254666519165039062e+02,1.446246032714843750e+02,8.466937255859375000e+01,1.714869079589843750e+02,1.588091125488281250e+02,1.711499023437500000e+02
7.556356811523437500e+01,1.019095153808593750e+02,1.734126892089843750e+02,1.055869216918945312e+02,1.292509155273437500e+02,1.163883666992187500e+02,1.001083526611328125e+02,1.713714752197265625e+02,1.528613128662109375e+02,1.714046936035156250e+02
7.771632385253906250e+01,1.085279541015625000e+02,1.710283355712890625e+02,9.761659240722656250e+01,1.160471496582031250e+02,1.433510437011718750e+02,9.923982238769531250e+01,1.750415344238281250e+02,1.640760345458984375e+02,1.682146911621093750e+02
8.142028808593750000e+01,1.018630752563476562e+02,1.714533081054687500e+02,1.039909439086914062e+02,1.251375732421875000e+02,1.253273239135742188e+02,9.877938842773437500e+01,1.698751831054687500e+02,1.452389221191406250e+02,1.728405761718750000e+02
7.859331512451171875e+01,1.063602447509765625e+02,1.677634429931640625e+02,9.811888122558593750e+01,1.189205627441406250e+02,1.383197326660156250e+02,9.694827270507812500e+01,1.742911071777343750e+02,1.565621490478515625e+02,1.710590362548828125e+02
8.199134826660156250e+01,1.017698287963867188e+02,1.717422180175781250e+02,1.125824890136718750e+02,1.210640182495117188e+02,1.322477111816406250e+02,9.566086578369140625e+01,1.669083709716796875e+02,1.471198730468750000e+02,1.747857055664062500e+02
8.493545532226562500e+01,1.002131805419921875e+02,1.681548004150390625e+02,1.083581695556640625e+02,1.080642547607421875e+02,1.451445617675781250e+02,9.321644592285156250e+01,1.743255920410156250e+02,1.430751190185546875e+02,1.808707427978515625e+02
8.282867431640625000e+01,1.007256240844726562e+02,1.688324279785156250e+02,1.086369781494140625e+02,1.110920181274414062e+02,1.384067840576171875e+02,9.343087768554687500e+01,1.762514953613281250e+02,1.422174377441406250e+02,1.813662719726562500e+02
9.083973693847656250e+01,9.856941986083984375e+01,1.766742095947265625e+02,1.126275482177734375e+02,1.423487854003906250e+02,1.441731262207031250e+02,9.941167449951171875e+01,1.785520324707031250e+02,1.476485748291015625e+02,1.845946655273437500e+02
8.711088562011718750e+01,9.850360107421875000e+01,1.770428161621093750e+02,1.123481521606445312e+02,1.141127853393554688e+02,1.315479888916015625e+02,8.925462341308593750e+01,1.748448791503906250e+02,1.409035186767578125e+02,1.792421875000000000e+02
7.718302154541015625e+01,1.143868637084960938e+02,1.724087829589843750e+02,9.658007812500000000e+01,1.336261901855468750e+02,1.446420288085937500e+02,1.193660278320312500e+02,1.870510253906250000e+02,1.666766967773437500e+02,1.793701782226562500e+02
7.702919006347656250e+01,1.018830261230468750e+02,1.647914123535156250e+02,1.075141372680664062e+02,1.281714477539062500e+02,1.429880065917968750e+02,9.024711608886718750e+01,1.725798950195312500e+02,1.546863403320312500e+02,1.780134124755859375e+02
7.918011474609375000e+01,1.062532196044921875e+02,1.715393524169921875e+02,1.067795410156250000e+02,1.237676773071289062e+02,1.460921325683593750e+02,9.289280700683593750e+01,1.735497436523437500e+02,1.594325408935546875e+02,1.727544403076171875e+02
7.523430633544921875e+01,9.418663024902343750e+01,1.829631042480468750e+02,1.098859863281250000e+02,1.299563293457031250e+02,1.300172119140625000e+02,9.152174377441406250e+01,1.769351501464843750e+02,1.434221801757812500e+02,1.839226989746093750e+02
6.872582244873046875e+01,1.083729782104492188e+02,1.768262481689453125e+02,9.944452667236328125e+01,1.275140838623046875e+02,1.304275512695312500e+02,9.087284851074218750e+01,1.822788391113281250e+02,1.690288085937500000e+02,1.742097930908203125e+02
9.627542114257812500e+01,8.501103210449218750e+01,1.453911895751953125e+02,1.217377166748046875e+02,1.282044982910156250e+02,1.269382019042968750e+02,8.777899169921875000e+01,1.654711303710937500e+02,1.340702209472656250e+02,1.755734558105468750e+02
8.888491821289062500e+01,1.045808334350585938e+02,1.510453948974609375e+02,1.061235961914062500e+02,1.400846557617187500e+02,1.428106689453125000e+02,9.727905273437500000e+01,1.763534240722656250e+02,1.398003845214843750e+02,1.777150573730468750e+02
8.127086639404296875e+01,1.099205856323242188e+02,1.676047210693359375e+02,1.017681274414062500e+02,1.483973999023437500e+02,1.491573181152343750e+02,9.884558105468750000e+01,1.748969726562500000e+02,1.590601196289062500e+02,1.666622009277343750e+02
8.289913940429687500e+01,1.078181152343750000e+02,1.662064514160156250e+02,1.048734893798828125e+02,1.474206542968750000e+02,1.287484741210937500e+02,1.196447753906250000e+02,1.720356140136718750e+02,1.589317626953125000e+02,1.607591705322265625e+02
8.358201599121093750e+01,1.082243041992187500e+02,1.761901550292968750e+02,1.036215972900390625e+02,1.268390350341796875e+02,1.377398071289062500e+02,1.063890228271484375e+02,1.804186096191406250e+02,1.596728210449218750e+02,1.746190490722656250e+02
7.942776489257812500e+01,1.077359008789062500e+02,1.689230651855468750e+02,9.867530822753906250e+01,1.285569915771484375e+02,1.454298858642578125e+02,9.290239715576171875e+01,1.693333587646484375e+02,1.626059570312500000e+02,1.649849243164062500e+02
8.104418182373046875e+01,1.086715850830078125e+02,1.757023315429687500e+02,9.883480834960937500e+01,1.495359039306640625e+02,1.334155578613281250e+02,1.150691528320312500e+02,1.888631286621093750e+02,1.625716552734375000e+02,1.824973754882812500e+02
7.560828399658203125e+01,1.061899414062500000e+02,1.726502075195312500e+02,9.713141632080078125e+01,1.309557342529296875e+02,1.450749053955078125e+02,8.928472900390625000e+01,1.679248962402343750e+02,1.669139404296875000e+02,1.611151428222656250e+02
7.982820129394531250e+01,1.063203430175781250e+02,1.717026977539062500e+02,1.012052459716796875e+02,1.279930648803710938e+02,1.433755645751953125e+02,1.023922348022460938e+02,1.788244934082031250e+02,1.570385131835937500e+02,1.784869384765625000e+02
9.204476928710937500e+01,9.128228759765625000e+01,1.355098876953125000e+02,1.222525634765625000e+02,1.376060485839843750e+02,1.394140625000000000e+02,8.964987182617187500e+01,1.676395874023437500e+02,1.472521057128906250e+02,1.782501831054687500e+02
7.943588256835937500e+01,1.163585052490234375e+02,1.600118560791015625e+02,9.981463623046875000e+01,1.300559082031250000e+02,1.500078430175781250e+02,1.062617340087890625e+02,1.732528991699218750e+02,1.747275238037109375e+02,1.582704772949218750e+02
8.006414031982421875e+01,9.778480529785156250e+01,1.730893859863281250e+02,1.084337310791015625e+02,1.208627471923828125e+02,1.483489074707031250e+02,9.339994812011718750e+01,1.805927124023437500e+02,1.418894500732421875e+02,1.844124450683593750e+02
1.021247558593750000e+02,1.195600509643554688e+02,1.444930114746093750e+02,1.149125747680664062e+02,1.301762847900390625e+02,1.167269897460937500e+02,9.625342559814453125e+01,1.685189056396484375e+02,1.471317749023437500e+02,1.741796722412109375e+02
7.922621154785156250e+01,1.006585388183593750e+02,1.767647705078125000e+02,1.097086181640625000e+02,1.447197418212890625e+02,1.428885650634765625e+02,1.017230834960937500e+02,1.851593322753906250e+02,1.461315307617187500e+02,1.861326599121093750e+02
7.985074615478515625e+01,1.190855102539062500e+02,1.442245483398437500e+02,1.098197097778320312e+02,1.172226409912109375e+02,1.473808441162109375e+02,1.169467773437500000e+02,1.760979003906250000e+02,1.750482788085937500e+02,1.550348358154296875e+02
8.136015319824218750e+01,1.086896209716796875e+02,1.788658752441406250e+02,1.020079803466796875e+02,1.272798004150390625e+02,1.451862182617187500e+02,1.050640869140625000e+02,1.739617614746093750e+02,1.687034606933593750e+02,1.666371765136718750e+02
1.054055557250976562e+02,1.282973022460937500e+02,1.682474060058593750e+02,9.822296905517578125e+01,1.186480331420898438e+02,1.236028747558593750e+02,1.009433898925781250e+02,1.782147521972656250e+02,1.537859802246093750e+02,1.738803710937500000e+02
9.012855529785156250e+01,9.813314819335937500e+01,1.741774597167968750e+02,1.116691360473632812e+02,1.289580078125000000e+02,1.456376342773437500e+02,9.010084533691406250e+01,1.814687500000000000e+02,1.397214813232421875e+02,1.878605957031250000e+02
8.467970275878906250e+01,1.009827499389648438e+02,1.719934692382812500e+02,1.062291717529296875e+02,1.247467117309570312e+02,1.290796508789062500e+02,9.670873260498046875e+01,1.664604339599609375e+02,1.496933898925781250e+02,1.743293609619140625e+02
7.621607971191406250e+01,1.071166992187500000e+02,1.682304382324218750e+02,9.730902862548828125e+01,1.149445343017578125e+02,1.509338378906250000e+02,1.028282470703125000e+02,1.812169647216796875e+02,1.566826782226562500e+02,1.752366485595703125e+02
8.251206970214843750e+01,8.909831237792968750e+01,1.717105407714843750e+02,1.212310028076171875e+02,1.006040496826171875e+02,1.352891540527343750e+02,7.030129241943359375e+01,1.475083923339843750e+02,1.449158630371093750e+02,1.782864837646484375e+02
7.375120544433593750e+01,1.052578506469726562e+02,1.738425598144531250e+02,1.015837402343750000e+02,1.264169311523437500e+02,1.204126586914062500e+02,9.454458618164062500e+01,1.686668090820312500e+02,1.522934570312500000e+02,1.670988006591796875e+02
7.059731292724609375e+01,1.174314193725585938e+02,1.749901885986328125e+02,9.504249572753906250e+01,1.290060424804687500e+02,1.434215698242187500e+02,1.172866210937500000e+02,1.857532348632812500e+02,1.707399291992187500e+02,1.747826385498046875e+02
7.424403381347656250e+01,1.161116333007812500e+02,1.688802337646484375e+02,9.444000244140625000e+01,1.347586364746093750e+02,1.353070373535156250e+02,1.068759307861328125e+02,1.792707214355468750e+02,1.723352966308593750e+02,1.605995788574218750e+02
8.651542663574218750e+01,1.213856887817382812e+02,1.580754089355468750e+02,8.680087280273437500e+01,1.180148239135742188e+02,1.300761108398437500e+02,1.176207199096679688e+02,1.807986755371093750e+02,1.637232055664062500e+02,1.626352081298828125e+02
8.547953796386718750e+01,1.082056274414062500e+02,1.647395782470703125e+02,1.028969879150390625e+02,1.302815551757812500e+02,1.286338195800781250e+02,1.112490844726562500e+02,1.845768737792968750e+02,1.451771850585937500e+02,1.717940368652343750e+02
7.670371246337890625e+01,1.023587188720703125e+02,1.717703552246093750e+02,1.023509521484375000e+02,1.074550170898437500e+02,1.453604125976562500e+02,8.950976562500000000e+01,1.664961547851562500e+02,1.654565734863281250e+02,1.670916137695312500e+02
8.345552825927734375e+01,9.299332427978515625e+01,1.610027160644531250e+02,1.128110046386718750e+02,1.362830963134765625e+02,1.243604583740234375e+02,8.854445648193359375e+01,1.626139678955078125e+02,1.452667236328125000e+02,1.681758270263671875e+02
8.559463500976562500e+01,1.048331756591796875e+02,1.665358886718750000e+02,1.054316253662109375e+02,1.369523468017578125e+02,1.409545898437500000e+02,9.200878906250000000e+01,1.641977081298828125e+02,1.579297485351562500e+02,1.607055053710937500e+02
8.854980468750000000e+01,9.881851196289062500e+01,1.647037353515625000e+02,1.114262847900390625e+02,1.091292419433593750e+02,1.453694152832031250e+02,9.342963409423828125e+01,1.763857421875000000e+02,1.454037170410156250e+02,1.776105346679687500e+02
6.233707809448242188e+01,1.030027160644531250e+02,1.888281555175781250e+02,1.008173217773437500e+02,1.207398910522460938e+02,1.456931152343750000e+02,9.379049682617187500e+01,1.880431671142578125e+02,1.554929656982421875e+02,1.876544189453125000e+02
7.538252258300781250e+01,1.100970001220703125e+02,1.756959838867187500e+02,9.732214355468750000e+01,1.171410903930664062e+02,1.466167602539062500e+02,9.631507873535156250e+01,1.777006225585937500e+02,1.662643432617187500e+02,1.711430053710937500e+02
7.565113830566406250e+01,1.142642669677734375e+02,1.666949462890625000e+02,9.952642059326171875e+01,1.275116500854492188e+02,1.500125122070312500e+02,1.200945663452148438e+02,1.831263732910156250e+02,1.643940734863281250e+02,1.747681884765625000e+02
6.801664733886718750e+01,9.965501403808593750e+01,1.858219299316406250e+02,1.093415679931640625e+02,1.194920043945312500e+02,1.315253906250000000e+02,8.889414978027343750e+01,1.748805847167968750e+02,1.578264312744140625e+02,1.787153930664062500e+02
7.800302886962890625e+01,9.839526367187500000e+01,1.710079956054687500e+02,1.054360961914062500e+02,1.351286926269531250e+02,1.341435546875000000e+02,1.008787536621093750e+02,1.826665954589843750e+02,1.478122863769531250e+02,1.831452636718750000e+02
7.753546142578125000e+01,1.045308074951171875e+02,1.766268920898437500e+02,1.035278472900390625e+02,1.318146362304687500e+02,1.450378570556640625e+02,9.678173828125000000e+01,1.863910217285156250e+02,1.667810363769531250e+02,1.820966796875000000e+02
8.055661010742187500e+01,1.200128250122070312e+02,1.671129760742187500e+02,8.926252746582031250e+01,1.260918502807617188e+02,1.503400726318359375e+02,1.123962249755859375e+02,1.780634155273437500e+02,1.810313720703125000e+02,1.519942932128906250e+02
7.958927917480468750e+01,1.018162078857421875e+02,1.716552581787109375e+02,1.094679260253906250e+02,1.232344207763671875e+02,1.311736450195312500e+02,8.499169158935546875e+01,1.635643768310546875e+02,1.511236572265625000e+02,1.733373413085937500e+02
8.440882873535156250e+01,1.244071655273437500e+02,1.612921142578125000e+02,8.729841613769531250e+01,1.245677185058593750e+02,1.457136840820312500e+02,1.289377288818359375e+02,1.815179138183593750e+02,1.761207885742187500e+02,1.591486511230468750e+02
7.151762390136718750e+01,1.123039245605468750e+02,1.766726379394531250e+02,1.000725708007812500e+02,1.368624877929687500e+02,1.399294433593750000e+02,1.051026000976562500e+02,1.951884765625000000e+02,1.601762084960937500e+02,1.854813842773437500e+02
7.974153137207031250e+01,1.110088958740234375e+02,1.645688171386718750e+02,9.508074188232421875e+01,1.396732788085937500e+02,1.244833450317382812e+02,1.109521484375000000e+02,1.735509796142578125e+02,1.651034698486328125e+02,1.668306274414062500e+02
8.521609497070312500e+01,9.336267089843750000e+01,1.761899719238281250e+02,1.128903808593750000e+02,1.251471710205078125e+02,1.316940460205078125e+02,8.178102111816406250e+01,1.592172546386718750e+02,1.525554809570312500e+02,1.781779632568359375e+02
8.035595703125000000e+01,1.187465362548828125e+02,1.639212188720703125e+02,9.470066070556640625e+01,1.299778442382812500e+02,1.357752380371093750e+02,1.065973815917968750e+02,1.788204345703125000e+02,1.702723388671875000e+02,1.607493591308593750e+02
7.861289978027343750e+01,9.306797790527343750e+01,1.767890777587890625e+02,1.140369110107421875e+02,1.194748077392578125e+02,1.534278869628906250e+02,7.898410034179687500e+01,1.770798034667968750e+02,1.394859313964843750e+02,1.874764862060546875e+02
8.186218261718750000e+01,1.064664154052734375e+02,1.663273315429687500e+02,1.086498107910156250e+02,9.488583374023437500e+01,1.255816116333007812e+02,8.364204406738281250e+01,1.773726043701171875e+02,1.330824279785156250e+02,1.826560211181640625e+02
8.349166870117187500e+01,9.968547058105468750e+01,1.732997436523437500e+02,1.134676666259765625e+02,1.195169830322265625e+02,1.560846862792968750e+02,8.909196472167968750e+01,1.783428039550781250e+02,1.461483459472656250e+02,1.863364257812500000e+02
8.865887451171875000e+01,1.075502166748046875e+02,1.530396423339843750e+02,1.103568115234375000e+02,1.391791992187500000e+02,1.258645401000976562e+02,1.166569824218750000e+02,1.769298553466796875e+02,1.590132446289062500e+02,1.729164886474609375e+02
8.121876525878906250e+01,1.131378479003906250e+02,1.684865722656250000e+02,9.724740600585937500e+01,1.292398071289062500e+02,1.413587646484375000e+02,1.057643280029296875e+02,1.791553649902343750e+02,1.669558105468750000e+02,1.684122619628906250e+02
7.979197692871093750e+01,1.021759948730468750e+02,1.672683410644531250e+02,1.071359252929687500e+02,1.248914031982421875e+02,1.256351165771484375e+02,9.651808166503906250e+01,1.741544799804687500e+02,1.416280822753906250e+02,1.784317626953125000e+02
7.877044677734375000e+01,1.061564636230468750e+02,1.749723968505859375e+02,9.971574401855468750e+01,1.281607513427734375e+02,1.498850097656250000e+02,1.041601715087890625e+02,1.784420318603515625e+02,1.636172485351562500e+02,1.732662200927734375e+02
8.205175018310546875e+01,1.162992706298828125e+02,1.677407073974609375e+02,9.381364440917968750e+01,1.313618011474609375e+02,1.504195556640625000e+02,1.081096496582031250e+02,1.814130249023437500e+02,1.688871154785156250e+02,1.605436401367187500e+02
7.999639892578125000e+01,9.650387573242187500e+01,1.610136108398437500e+02,1.078815155029296875e+02,1.117571792602539062e+02,1.422618408203125000e+02,8.339512634277343750e+01,1.625993041992187500e+02,1.485961608886718750e+02,1.719083557128906250e+02
7.240432739257812500e+01,1.165938720703125000e+02,1.775505371093750000e+02,9.232828521728515625e+01,1.393217468261718750e+02,1.470600891113281250e+02,1.159737396240234375e+02,1.877278594970703125e+02,1.710234069824218750e+02,1.767068481445312500e+02
9.084256744384765625e+01,1.046647872924804688e+02,1.687087860107421875e+02,1.094942321777343750e+02,1.442172241210937500e+02,1.439164733886718750e+02,1.051139221191406250e+02,1.843120880126953125e+02,1.458628234863281250e+02,1.840013732910156250e+02
7.586380767822265625e+01,9.493276977539062500e+01,1.709530944824218750e+02,1.125457000732421875e+02,1.318630371093750000e+02,1.373223571777343750e+02,8.454875183105468750e+01,1.716984863281250000e+02,1.450053710937500000e+02,1.822360839843750000e+02
1.015635833740234375e+02,1.221671447753906250e+02,1.523710632324218750e+02,1.039043502807617188e+02,1.262684326171875000e+02,1.256339187622070312e+02,1.064311141967773438e+02,1.652795257568359375e+02,1.727926330566406250e+02,1.528394775390625000e+02
8.190943145751953125e+01,1.009474334716796875e+02,1.733924865722656250e+02,1.083808135986328125e+02,1.298650817871093750e+02,1.448057556152343750e+02,9.713133239746093750e+01,1.805096435546875000e+02,1.431144561767578125e+02,1.815070343017578125e+02
7.415756225585937500e+01,1.011074066162109375e+02,1.747250061035156250e+02,9.750920104980468750e+01,1.188465423583984375e+02,1.219569091796875000e+02,9.229257202148437500e+01,1.791987457275390625e+02,1.502332763671875000e+02,1.773787231445312500e+02
7.144017791748046875e+01,1.012854461669921875e+02,1.757424011230468750e+02,1.007089538574218750e+02,1.268648605346679688e+02,1.256479415893554688e+02,9.927473449707031250e+01,1.748346862792968750e+02,1.597797851562500000e+02,1.758197937011718750e+02
8.248518371582031250e+01,1.072133178710937500e+02,1.729918823242187500e+02,1.015569992065429688e+02,1.218333969116210938e+02,1.307552032470703125e+02,1.034717102050781250e+02,1.673101959228515625e+02,1.594707336425781250e+02,1.662507934570312500e+02
8.562850189208984375e+01,1.087263641357421875e+02,1.595124664306640625e+02,9.665155792236328125e+01,1.266490173339843750e+02,1.252346343994140625e+02,1.254084625244140625e+02,1.263036193847656250e+02,1.264948425292968750e+02,1.262286834716796875e+02
8.250375366210937500e+01,1.088215866088867188e+02,1.556154327392578125e+02,1.030066833496093750e+02,1.384297027587890625e+02,1.439855346679687500e+02,1.036787948608398438e+02,1.845981445312500000e+02,1.475892028808593750e+02,1.783775024414062500e+02
8.329501342773437500e+01,1.060139083862304688e+02,1.724447021484375000e+02,1.011781082153320312e+02,1.255498352050781250e+02,1.504269714355468750e+02,1.007788085937500000e+02,1.820509643554687500e+02,1.521742248535156250e+02,1.817836608886718750e+02
8.494816589355468750e+01,1.160800781250000000e+02,1.644491729736328125e+02,9.182137298583984375e+01,1.372566223144531250e+02,1.429226226806640625e+02,1.156992645263671875e+02,1.788958435058593750e+02,1.675057830810546875e+02,1.626486816406250000e+02
7.567771911621093750e+01,1.102798004150390625e+02,1.351118774414062500e+02,1.179614028930664062e+02,1.296186065673828125e+02,1.585946807861328125e+02,9.519168090820312500e+01,1.689215087890625000e+02,1.732812042236328125e+02,1.434339294433593750e+02
7.092896270751953125e+01,1.049647293090820312e+02,1.808363342285156250e+02,1.034070892333984375e+02,1.314147338867187500e+02,1.456760253906250000e+02,9.430284881591796875e+01,1.828070831298828125e+02,1.616707611083984375e+02,1.814342651367187500e+02
7.611300659179687500e+01,1.040160980224609375e+02,1.718258209228515625e+02,1.011468963623046875e+02,1.285965576171875000e+02,1.547121582031250000e+02,9.884497070312500000e+01,1.851174774169921875e+02,1.495654449462890625e+02,1.825323486328125000e+02
8.510798645019531250e+01,9.497518920898437500e+01,1.792037048339843750e+02,1.169748458862304688e+02,1.254764099121093750e+02,1.514884643554687500e+02,8.000900268554687500e+01,1.623602294921875000e+02,1.397348632812500000e+02,1.797596130371093750e+02
9.047528076171875000e+01,1.105506744384765625e+02,1.570764160156250000e+02,1.012910232543945312e+02,1.045343780517578125e+02,1.458153686523437500e+02,1.081403732299804688e+02,1.819224853515625000e+02,1.585004882812500000e+02,1.744920349121093750e+02
6.907838439941406250e+01,1.065377349853515625e+02,1.713694915771484375e+02,1.050425949096679688e+02,1.213567199707031250e+02,1.578712615966796875e+02,9.314007568359375000e+01,1.829909973144531250e+02,1.507564544677734375e+02,1.865848083496093750e+02
7.954666137695312500e+01,1.198633270263671875e+02,1.687130279541015625e+02,8.875558471679687500e+01,1.429631652832031250e+02,1.494629669189453125e+02,1.115867614746093750e+02,1.809368591308593750e+02,1.767573547363281250e+02,1.522266540527343750e+02
8.847698211669921875e+01,1.057502288818359375e+02,1.629595489501953125e+02,1.032637329101562500e+02,1.102902832031250000e+02,1.333164367675781250e+02,9.891847229003906250e+01,1.701601104736328125e+02,1.497514953613281250e+02,1.711337127685546875e+02
1.140333099365234375e+02,1.176083679199218750e+02,1.714830627441406250e+02,1.074526367187500000e+02,1.127136306762695312e+02,1.428179626464843750e+02,1.044181365966796875e+02,1.750942382812500000e+02,1.524834899902343750e+02,1.799810791015625000e+02
7.808743286132812500e+01,1.138715209960937500e+02,1.654181213378906250e+02,9.535095977783203125e+01,1.093576202392578125e+02,1.375920257568359375e+02,1.093786392211914062e+02,1.820053100585937500e+02,1.549338073730468750e+02,1.714717102050781250e+02
8.464521789550781250e+01,1.114638824462890625e+02,1.648368835449218750e+02,9.637792968750000000e+01,1.375004272460937500e+02,1.465126647949218750e+02,1.092949447631835938e+02,1.824906311035156250e+02,1.576584930419921875e+02,1.770208435058593750e+02
8.066050720214843750e+01,9.759980773925781250e+01,1.726502990722656250e+02,1.100592803955078125e+02,1.438312530517578125e+02,1.336894226074218750e+02,8.884350585937500000e+01,1.709324340820312500e+02,1.555424499511718750e+02,1.784461975097656250e+02
8.416445922851562500e+01,1.027634658813476562e+02,1.754458312988281250e+02,1.003019561767578125e+02,1.242516784667968750e+02,1.404988403320312500e+02,1.016847229003906250e+02,1.821665649414062500e+02,1.668519592285156250e+02,1.769173278808593750e+02
7.990875244140625000e+01,9.256182861328125000e+01,1.814259948730468750e+02,1.099237747192382812e+02,1.284592590332031250e+02,1.351988525390625000e+02,8.966575622558593750e+01,1.709656066894531250e+02,1.418583679199218750e+02,1.823113708496093750e+02
8.386791992187500000e+01,9.713403320312500000e+01,1.780869750976562500e+02,1.155101928710937500e+02,1.130727081298828125e+02,1.310671081542968750e+02,9.056991577148437500e+01,1.709967346191406250e+02,1.402195129394531250e+02,1.832854309082031250e+02
8.782652282714843750e+01,1.040135650634765625e+02,1.640541687011718750e+02,1.043285293579101562e+02,1.140139846801757812e+02,1.264367523193359375e+02,9.988600158691406250e+01,1.730670471191406250e+02,1.477492065429687500e+02,1.749178161621093750e+02
8.271363067626953125e+01,1.164995040893554688e+02,1.578926086425781250e+02,9.628494262695312500e+01,1.181598358154296875e+02,1.365860137939453125e+02,1.093444519042968750e+02,1.785826416015625000e+02,1.658184661865234375e+02,1.607584228515625000e+02
7.890775299072265625e+01,1.074487686157226562e+02,1.697507476806640625e+02,1.029683761596679688e+02,1.372918395996093750e+02,1.322343139648437500e+02,1.085331039428710938e+02,1.823446350097656250e+02,1.603344268798828125e+02,1.727934875488281250e+02
8.152865600585937500e+01,1.044993286132812500e+02,1.722611541748046875e+02,1.049186401367187500e+02,1.296446228027343750e+02,1.477576293945312500e+02,9.811787414550781250e+01,1.738253784179687500e+02,1.550466003417968750e+02,1.773339080810546875e+02
7.719161987304687500e+01,1.013128509521484375e+02,1.722473754882812500e+02,1.079005279541015625e+02,1.342902069091796875e+02,1.373393554687500000e+02,8.557653045654296875e+01,1.674845581054687500e+02,1.579716796875000000e+02,1.706822509765625000e+02
8.747087097167968750e+01,8.952272033691406250e+01,1.732512817382812500e+02,1.166441345214843750e+02,1.295532531738281250e+02,1.333527832031250000e+02,8.282255554199218750e+01,1.528003234863281250e+02,1.434512023925781250e+02,1.734642486572265625e+02
8.771176147460937500e+01,1.090753936767578125e+02,1.618107604980468750e+02,9.920299530029296875e+01,1.331486206054687500e+02,1.291582336425781250e+02,1.139563674926757812e+02,1.804091339111328125e+02,1.569518432617187500e+02,1.739726562500000000e+02
1.065739288330078125e+02,1.152255172729492188e+02,1.602630615234375000e+02,1.020986785888671875e+02,1.108367233276367188e+02,1.363710937500000000e+02,1.127860565185546875e+02,1.710066833496093750e+02,1.507923736572265625e+02,1.754968872070312500e+02
8.008137512207031250e+01,1.105497741699218750e+02,1.740233154296875000e+02,1.009550704956054688e+02,1.324907226562500000e+02,1.461385192871093750e+02,1.018433303833007812e+02,1.794266052246093750e+02,1.665547485351562500e+02,1.697308654785156250e+02
7.651966857910156250e+01,1.121363830566406250e+02,1.692574768066406250e+02,9.693724060058593750e+01,1.294033203125000000e+02,1.492873535156250000e+02,1.018169403076171875e+02,1.779289855957031250e+02,1.646349334716796875e+02,1.627459259033203125e+02
8.585153961181640625e+01,1.034669342041015625e+02,1.754854431152343750e+02,1.084450531005859375e+02,1.239227981567382812e+02,1.472884216308593750e+02,9.553422546386718750e+01,1.787876434326171875e+02,1.493902282714843750e+02,1.815028381347656250e+02
7.473853302001953125e+01,1.016535797119140625e+02,1.736919860839843750e+02,1.033681488037109375e+02,1.241292724609375000e+02,1.533816223144531250e+02,9.376834106445312500e+01,1.810737915039062500e+02,1.515356140136718750e+02,1.815209350585937500e+02
8.624123382568359375e+01,1.012980651855468750e+02,1.739042358398437500e+02,1.107714996337890625e+02,1.321756896972656250e+02,1.506756896972656250e+02,9.004128265380859375e+01,1.815675354003906250e+02,1.447789916992187500e+02,1.853446502685546875e+02
8.606941223144531250e+01,1.104748611450195312e+02,1.733094329833984375e+02,1.011931915283203125e+02,1.456209716796875000e+02,1.453665161132812500e+02,1.010607376098632812e+02,1.753864593505859375e+02,1.595838012695312500e+02,1.702259521484375000e+02
8.768867492675781250e+01,9.643902587890625000e+01,1.713135223388671875e+02,1.098086090087890625e+02,1.272298507690429688e+02,1.358709716796875000e+02,9.117474365234375000e+01,1.708294677734375000e+02,1.433824157714843750e+02,1.757168579101562500e+02
7.609140014648437500e+01,9.747457885742187500e+01,1.831912078857421875e+02,1.148560028076171875e+02,1.213276443481445312e+02,1.538515625000000000e+02,8.537289428710937500e+01,1.606914520263671875e+02,1.528315429687500000e+02,1.721999816894531250e+02
7.841727447509765625e+01,9.598889160156250000e+01,1.769237976074218750e+02,1.086317672729492188e+02,1.201715545654296875e+02,1.489620056152343750e+02,8.947940063476562500e+01,1.729226837158203125e+02,1.475177917480468750e+02,1.787375183105468750e+02
7.924218750000000000e+01,9.686241149902343750e+01,1.731402282714843750e+02,1.084290771484375000e+02,1.186941299438476562e+02,1.548092803955078125e+02,8.705667114257812500e+01,1.692743835449218750e+02,1.481629028320312500e+02,1.773209075927734375e+02
8.369233703613281250e+01,1.054845123291015625e+02,1.664721984863281250e+02,1.031287689208984375e+02,1.185818939208984375e+02,1.369523620605468750e+02,9.860063171386718750e+01,1.786889190673828125e+02,1.461335144042968750e+02,1.803271789550781250e+02
8.495088958740234375e+01,1.118825454711914062e+02,1.577790832519531250e+02,1.012423553466796875e+02,1.189307861328125000e+02,1.317391967773437500e+02,1.132911987304687500e+02,1.701947631835937500e+02,1.676809997558593750e+02,1.632005004882812500e+02
8.133688354492187500e+01,1.087462768554687500e+02,1.680556945800781250e+02,9.556967926025390625e+01,1.357752685546875000e+02,1.395333251953125000e+02,9.791636657714843750e+01,1.774623718261718750e+02,1.688638305664062500e+02,1.633103942871093750e+02
7.999977874755859375e+01,1.036646118164062500e+02,1.700547027587890625e+02,1.037761077880859375e+02,1.251408309936523438e+02,1.564644927978515625e+02,9.824784851074218750e+01,1.820457153320312500e+02,1.515054931640625000e+02,1.825776519775390625e+02
8.738127899169921875e+01,1.119392242431640625e+02,1.645919799804687500e+02,9.549181365966796875e+01,1.488004150390625000e+02,1.411947937011718750e+02,9.849710083007812500e+01,1.790725555419921875e+02,1.586203155517578125e+02,1.693200378417968750e+02
9.088735198974609375e+01,9.783982086181640625e+01,1.696284484863281250e+02,1.054890136718750000e+02,1.249664077758789062e+02,1.370306243896484375e+02,9.757424926757812500e+01,1.666097412109375000e+02,1.470952148437500000e+02,1.728527526855468750e+02
7.657832336425781250e+01,9.864521789550781250e+01,1.699120941162109375e+02,1.062197570800781250e+02,1.196889114379882812e+02,1.418579101562500000e+02,8.989333343505859375e+01,1.729613494873046875e+02,1.574071655273437500e+02,1.788181457519531250e+02
7.803733062744140625e+01,1.128460083007812500e+02,1.679140014648437500e+02,9.550732421875000000e+01,1.339899902343750000e+02,1.439391784667968750e+02,1.055856704711914062e+02,1.733483581542968750e+02,1.714380187988281250e+02,1.586250610351562500e+02
8.115277862548828125e+01,1.116154327392578125e+02,1.643332061767578125e+02,9.815859985351562500e+01,1.289916992187500000e+02,1.327206115722656250e+02,1.093107528686523438e+02,1.811775970458984375e+02,1.544017791748046875e+02,1.742304382324218750e+02
7.775402069091796875e+01,1.135841827392578125e+02,1.656776123046875000e+02,9.735322570800781250e+01,1.188683471679687500e+02,1.367854309082031250e+02,9.921662139892578125e+01,1.735068969726562500e+02,1.637041320800781250e+02,1.632891540527343750e+02
7.422853088378906250e+01,1.076030120849609375e+02,1.679712524414062500e+02,9.621094512939453125e+01,1.373942108154296875e+02,1.370125732421875000e+02,9.726550292968750000e+01,1.735899658203125000e+02,1.601319427490234375e+02,1.627846984863281250e+02
8.762147521972656250e+01,1.082640991210937500e+02,1.411008758544921875e+02,1.195381469726562500e+02,1.317227783203125000e+02,1.403311462402343750e+02,9.892800903320312500e+01,1.727660064697265625e+02,1.491485900878906250e+02,1.770361328125000000e+02
7.536222076416015625e+01,8.858964538574218750e+01,1.741721496582031250e+02,1.202444915771484375e+02,1.197696533203125000e+02,1.459690551757812500e+02,6.387630844116210938e+01,1.544610900878906250e+02,1.415908660888671875e+02,1.786185302734375000e+02
7.423635864257812500e+01,1.078267364501953125e+02,1.268853378295898438e+02,1.254621276855468750e+02,1.325946350097656250e+02,1.384850311279296875e+02,1.062381134033203125e+02,1.855395660400390625e+02,1.551739349365234375e+02,1.790334777832031250e+02
7.564860534667968750e+01,9.660002136230468750e+01,1.734054718017578125e+02,1.098603668212890625e+02,1.279741744995117188e+02,1.435735473632812500e+02,9.340562438964843750e+01,1.684479217529296875e+02,1.517704467773437500e+02,1.677050781250000000e+02
8.786218261718750000e+01,9.272016906738281250e+01,1.743967285156250000e+02,1.171101150512695312e+02,1.342670593261718750e+02,1.322145996093750000e+02,8.467497253417968750e+01,1.633813476562500000e+02,1.452598266601562500e+02,1.748747711181640625e+02
7.855292510986328125e+01,1.072707061767578125e+02,1.666552124023437500e+02,9.987405395507812500e+01,1.222215423583984375e+02,1.477065277099609375e+02,1.029763336181640625e+02,1.856497497558593750e+02,1.566133422851562500e+02,1.801460113525390625e+02
7.307727813720703125e+01,9.324998474121093750e+01,1.843468933105468750e+02,1.156352233886718750e+02,1.257785339355468750e+02,1.417108459472656250e+02,7.304167175292968750e+01,1.623377685546875000e+02,1.535518188476562500e+02,1.736078491210937500e+02
8.047126770019531250e+01,1.014947814941406250e+02,1.779721374511718750e+02,1.092063293457031250e+02,1.350893554687500000e+02,1.324566955566406250e+02,9.572517395019531250e+01,1.783521270751953125e+02,1.557922363281250000e+02,1.783066406250000000e+02
8.342808532714843750e+01,9.912301635742187500e+01,1.752618560791015625e+02,1.084748306274414062e+02,1.090768966674804688e+02,1.290921325683593750e+02,8.957286071777343750e+01,1.710037078857421875e+02,1.354308776855468750e+02,1.807994995117187500e+02
6.671990966796875000e+01,1.051558990478515625e+02,1.894246520996093750e+02,1.014899139404296875e+02,1.324816894531250000e+02,1.301776885986328125e+02,1.009603118896484375e+02,1.824407806396484375e+02,1.603475646972656250e+02,1.812917785644531250e+02
7.930854797363281250e+01,1.101830978393554688e+02,1.719856872558593750e+02,9.914570617675781250e+01,1.158829650878906250e+02,1.496135864257812500e+02,9.996726989746093750e+01,1.817482604980468750e+02,1.509175872802734375e+02,1.811833496093750000e+02
7.825253295898437500e+01,1.244226074218750000e+02,1.567029113769531250e+02,8.428157043457031250e+01,1.240428771972656250e+02,1.483868408203125000e+02,1.283825073242187500e+02,1.776801452636718750e+02,1.772767333984375000e+02,1.564217529296875000e+02
7.525804138183593750e+01,9.805303955078125000e+01,1.751927032470703125e+02,1.066215972900390625e+02,1.349927825927734375e+02,1.352881469726562500e+02,9.618656921386718750e+01,1.778509521484375000e+02,1.442595214843750000e+02,1.787038879394531250e+02
8.316680145263671875e+01,1.108158798217773438e+02,1.710116729736328125e+02,9.933784484863281250e+01,1.280584716796875000e+02,1.452005157470703125e+02,9.951510620117187500e+01,1.712606048583984375e+02,1.649557800292968750e+02,1.639578857421875000e+02
7.883004760742187500e+01,9.788123321533203125e+01,1.699668884277343750e+02,1.154457702636718750e+02,1.045194091796875000e+02,1.530249328613281250e+02,9.307618713378906250e+01,1.702670440673828125e+02,1.421541748046875000e+02,1.859905395507812500e+02
8.106206512451171875e+01,1.051681671142578125e+02,1.776355743408203125e+02,1.052089385986328125e+02,1.236036071777343750e+02,1.329206542968750000e+02,9.644908142089843750e+01,1.742399597167968750e+02,1.577619628906250000e+02,1.750324096679687500e+02
8.445076751708984375e+01,1.076756744384765625e+02,1.653945617675781250e+02,9.890687561035156250e+01,1.265758056640625000e+02,1.294785614013671875e+02,1.075722961425781250e+02,1.684500885009765625e+02,1.590682373046875000e+02,1.595166015625000000e+02
7.764013671875000000e+01,1.263187713623046875e+02,1.751941833496093750e+02,8.110739135742187500e+01,1.450358276367187500e+02,1.351558227539062500e+02,1.160464477539062500e+02,1.803034667968750000e+02,1.907339324951171875e+02,1.494046325683593750e+02
8.739269256591796875e+01,1.026856307983398438e+02,1.660054931640625000e+02,1.085680694580078125e+02,1.075159606933593750e+02,1.409141540527343750e+02,9.528848266601562500e+01,1.659435119628906250e+02,1.496194915771484375e+02,1.750547485351562500e+02
8.003034973144531250e+01,1.191346282958984375e+02,1.759134979248046875e+02,9.353120422363281250e+01,1.263394775390625000e+02,1.357600708007812500e+02,1.121512298583984375e+02,1.772428283691406250e+02,1.654877929687500000e+02,1.651402893066406250e+02
7.463626098632812500e+01,1.049777221679687500e+02,1.766481933593750000e+02,1.070254669189453125e+02,1.170425415039062500e+02,1.608648223876953125e+02,9.722921752929687500e+01,1.862858581542968750e+02,1.581889343261718750e+02,1.853309783935546875e+02
8.707898712158203125e+01,1.055653152465820312e+02,1.700813598632812500e+02,1.059751129150390625e+02,1.378932189941406250e+02,1.466056823730468750e+02,9.155059814453125000e+01,1.659629516601562500e+02,1.620546112060546875e+02,1.611678771972656250e+02
7.279524230957031250e+01,9.929864501953125000e+01,1.727308044433593750e+02,1.049494934082031250e+02,1.197279510498046875e+02,1.391556091308593750e+02,9.103181457519531250e+01,1.789116210937500000e+02,1.436863708496093750e+02,1.816858520507812500e+02
1.121526794433593750e+02,1.163101959228515625e+02,1.618985595703125000e+02,1.032799072265625000e+02,1.071773910522460938e+02,1.385132751464843750e+02,9.622006225585937500e+01,1.668211059570312500e+02,1.447685852050781250e+02,1.747663879394531250e+02
8.490979766845703125e+01,8.576824951171875000e+01,1.756408081054687500e+02,1.206347732543945312e+02,1.115500946044921875e+02,1.350425720214843750e+02,7.755599975585937500e+01,1.718110656738281250e+02,1.226321105957031250e+02,1.897937622070312500e+02
7.919606018066406250e+01,1.105515823364257812e+02,1.706108093261718750e+02,9.735023498535156250e+01,1.301844024658203125e+02,1.413337707519531250e+02,1.006282272338867188e+02,1.714213867187500000e+02,1.643217315673828125e+02,1.601593170166015625e+02
7.694380187988281250e+01,9.784649658203125000e+01,1.867195739746093750e+02,1.075045852661132812e+02,1.318292846679687500e+02,1.482046356201171875e+02,8.617276000976562500e+01,1.889746856689453125e+02,1.550879516601562500e+02,1.930442199707031250e+02
8.207781219482421875e+01,1.044707412719726562e+02,1.688273315429687500e+02,1.086838073730468750e+02,1.226338043212890625e+02,1.414183044433593750e+02,1.026624984741210938e+02,1.759175262451171875e+02,1.392649841308593750e+02,1.789089965820312500e+02
8.071957397460937500e+01,1.084909515380859375e+02,1.663306274414062500e+02,1.048685379028320312e+02,1.270002288818359375e+02,1.427439270019531250e+02,1.049255218505859375e+02,1.828193969726562500e+02,1.560969543457031250e+02,1.785462188720703125e+02
7.478158569335937500e+01,1.087159652709960938e+02,1.674906616210937500e+02,9.802317810058593750e+01,1.234472732543945312e+02,1.519780883789062500e+02,9.787698364257812500e+01,1.787826843261718750e+02,1.649563446044921875e+02,1.653879089355468750e+02
8.976569366455078125e+01,1.237674407958984375e+02,1.494214477539062500e+02,8.816159057617187500e+01,1.202232360839843750e+02,1.432420349121093750e+02,1.305483093261718750e+02,1.749739837646484375e+02,1.745581970214843750e+02,1.504060058593750000e+02
9.048258209228515625e+01,1.031996917724609375e+02,1.611297760009765625e+02,1.053266296386718750e+02,1.114570007324218750e+02,1.326897125244140625e+02,9.597917175292968750e+01,1.630950622558593750e+02,1.440600433349609375e+02,1.710804443359375000e+02
8.332284545898437500e+01,1.045622940063476562e+02,1.710291748046875000e+02,1.032753753662109375e+02,1.290499420166015625e+02,1.328500366210937500e+02,1.008536987304687500e+02,1.705558166503906250e+02,1.605111999511718750e+02,1.670710601806640625e+02
8.531270599365234375e+01,1.098558502197265625e+02,1.714054565429687500e+02,1.011094512939453125e+02,1.084867401123046875e+02,1.309700012207031250e+02,9.202474975585937500e+01,1.784661102294921875e+02,1.465253448486328125e+02,1.735827484130859375e+02
8.079391479492187500e+01,1.050245361328125000e+02,1.673663482666015625e+02,1.059420700073242188e+02,1.301175842285156250e+02,1.353432312011718750e+02,1.013581695556640625e+02,1.740366821289062500e+02,1.555585327148437500e+02,1.748415679931640625e+02
8.071384429931640625e+01,1.021432342529296875e+02,1.721764221191406250e+02,1.054381408691406250e+02,1.306065063476562500e+02,1.390143432617187500e+02,8.810195922851562500e+01,1.706283264160156250e+02,1.651798095703125000e+02,1.709162902832031250e+02
8.063346099853515625e+01,1.145324401855468750e+02,1.671566467285156250e+02,9.626185607910156250e+01,1.254620819091796875e+02,1.326210632324218750e+02,1.076668548583984375e+02,1.797721557617187500e+02,1.637336425781250000e+02,1.712301177978515625e+02
8.267568969726562500e+01,1.091385040283203125e+02,1.724163208007812500e+02,1.001592407226562500e+02,1.286917114257812500e+02,1.414853668212890625e+02,1.031840438842773438e+02,1.757085876464843750e+02,1.677918090820312500e+02,1.673137817382812500e+02
8.090419006347656250e+01,1.045467071533203125e+02,1.728230285644531250e+02,1.043234252929687500e+02,1.266153793334960938e+02,1.495862121582031250e+02,9.983927917480468750e+01,1.710239868164062500e+02,1.617857971191406250e+02,1.707610778808593750e+02
7.814254760742187500e+01,1.037644729614257812e+02,1.704193725585937500e+02,1.045242156982421875e+02,1.231949005126953125e+02,1.444149932861328125e+02,9.019588470458984375e+01,1.699744720458984375e+02,1.582711334228515625e+02,1.662209167480468750e+02
6.838948822021484375e+01,1.038979873657226562e+02,1.651111755371093750e+02,1.064170227050781250e+02,1.329152526855468750e+02,1.421411437988281250e+02,9.853660583496093750e+01,1.906392822265625000e+02,1.472185363769531250e+02,1.877585906982421875e+02
7.834185791015625000e+01,1.061124267578125000e+02,1.733976745605468750e+02,1.012051467895507812e+02,1.239625930786132812e+02,1.546932067871093750e+02,1.021914062500000000e+02,1.802395935058593750e+02,1.524738464355468750e+02,1.798906402587890625e+02
8.536177825927734375e+01,1.086543731689453125e+02,1.661961669921875000e+02,9.883715820312500000e+01,1.232146453857421875e+02,1.376129760742187500e+02,1.062475891113281250e+02,1.770144042968750000e+02,1.594544219970703125e+02,1.706205749511718750e+02
8.566325378417968750e+01,1.157137908935546875e+02,1.791450653076171875e+02,1.025493774414062500e+02,1.357861480712890625e+02,1.565087127685546875e+02,1.029074096679687500e+02,1.859053649902343750e+02,1.658023986816406250e+02,1.811651763916015625e+02
7.044772338867187500e+01,1.053925704956054688e+02,1.688369445800781250e+02,1.032115173339843750e+02,1.204996566772460938e+02,1.419324951171875000e+02,9.403998565673828125e+01,1.802261352539062500e+02,1.506105651855468750e+02,1.793123168945312500e+02
8.089436340332031250e+01,1.003385162353515625e+02,1.725063476562500000e+02,1.072822570800781250e+02,1.178300628662109375e+02,1.403094482421875000e+02,9.595862579345703125e+01,1.770364990234375000e+02,1.548882141113281250e+02,1.784276733398437500e+02
7.609088134765625000e+01,1.047868194580078125e+02,1.699538269042968750e+02,1.019561233520507812e+02,1.225308380126953125e+02,1.420927886962890625e+02,1.040558166503906250e+02,1.813853912353515625e+02,1.481335601806640625e+02,1.866846923828125000e+02
7.213867187500000000e+01,1.143279953002929688e+02,1.786347656250000000e+02,9.655607604980468750e+01,1.270184631347656250e+02,1.515992279052734375e+02,1.090815353393554688e+02,1.879257812500000000e+02,1.639583129882812500e+02,1.762525482177734375e+02
8.537940979003906250e+01,1.087054138183593750e+02,1.642973480224609375e+02,1.110637512207031250e+02,1.027901077270507812e+02,1.336987304687500000e+02,9.000160980224609375e+01,1.734800415039062500e+02,1.406351776123046875e+02,1.782669982910156250e+02
7.453863525390625000e+01,1.128304290771484375e+02,1.729997711181640625e+02,9.683192443847656250e+01,1.234901123046875000e+02,1.408093414306640625e+02,9.802882385253906250e+01,1.751473999023437500e+02,1.643945617675781250e+02,1.669144897460937500e+02
6.663032531738281250e+01,1.212940292358398438e+02,1.734425354003906250e+02,8.724604797363281250e+01,1.112099380493164062e+02,1.294322967529296875e+02,1.071833419799804688e+02,1.886569824218750000e+02,1.597238159179687500e+02,1.749864196777343750e+02
8.263777160644531250e+01,9.599438476562500000e+01,1.745806274414062500e+02,1.135788879394531250e+02,1.193594131469726562e+02,1.447227935791015625e+02,8.515010070800781250e+01,1.569727783203125000e+02,1.563858947753906250e+02,1.710171203613281250e+02
8.110665893554687500e+01,1.199897003173828125e+02,1.620992126464843750e+02,9.183108520507812500e+01,1.277750015258789062e+02,1.347107238769531250e+02,1.177664947509765625e+02,1.856231079101562500e+02,1.707663574218750000e+02,1.707966613769531250e+02
8.013612365722656250e+01,1.069416961669921875e+02,1.676395721435546875e+02,1.032364959716796875e+02,1.334377288818359375e+02,1.286724853515625000e+02,1.011745758056640625e+02,1.788784179687500000e+02,1.593238983154296875e+02,1.765424804687500000e+02
9.719358062744140625e+01,1.029320678710937500e+02,1.681954040527343750e+02,1.126665725708007812e+02,1.090309982299804688e+02,1.285953521728515625e+02,8.884867858886718750e+01,1.650326995849609375e+02,1.441743774414062500e+02,1.769493103027343750e+02
8.160189056396484375e+01,9.774560546875000000e+01,1.702513122558593750e+02,1.112520980834960938e+02,1.334851226806640625e+02,1.395441894531250000e+02,9.106091308593750000e+01,1.723118591308593750e+02,1.466969757080078125e+02,1.749652557373046875e+02
7.314116668701171875e+01,9.537643432617187500e+01,1.821553955078125000e+02,1.139112854003906250e+02,1.267440643310546875e+02,1.498956909179687500e+02,8.884172058105468750e+01,1.790626220703125000e+02,1.508553771972656250e+02,1.884306793212890625e+02
8.943534088134765625e+01,9.830984497070312500e+01,1.724248046875000000e+02,1.104716796875000000e+02,1.301738891601562500e+02,1.387785339355468750e+02,9.053448486328125000e+01,1.613691253662109375e+02,1.519338531494140625e+02,1.724953613281250000e+02
8.029258728027343750e+01,1.034036865234375000e+02,1.703267211914062500e+02,1.059599456787109375e+02,1.299355468750000000e+02,1.434110717773437500e+02,9.169427490234375000e+01,1.719372558593750000e+02,1.550705718994140625e+02,1.686196594238281250e+02
8.513441467285156250e+01,1.185903778076171875e+02,1.611554260253906250e+02,9.300606536865234375e+01,1.505331726074218750e+02,1.357167968750000000e+02,1.155348052978515625e+02,1.734134216308593750e+02,1.657481689453125000e+02,1.514254150390625000e+02
9.188535308837890625e+01,8.792770385742187500e+01,1.695437164306640625e+02,1.210057220458984375e+02,1.022859344482421875e+02,1.270154037475585938e+02,7.498501586914062500e+01,1.623748168945312500e+02,1.229606399536132812e+02,1.817740783691406250e+02
7.902089691162109375e+01,1.012630920410156250e+02,1.716848602294921875e+02,1.050647659301757812e+02,1.200265197753906250e+02,1.429406738281250000e+02,8.514926910400390625e+01,1.625880432128906250e+02,1.613366241455078125e+02,1.672596740722656250e+02
7.279830932617187500e+01,1.129416198730468750e+02,1.900000915527343750e+02,9.422373962402343750e+01,1.452304077148437500e+02,1.348422546386718750e+02,1.201639175415039062e+02,1.859653930664062500e+02,1.750942993164062500e+02,1.787476959228515625e+02
8.380683898925781250e+01,9.424805450439453125e+01,1.742692871093750000e+02,1.180260620117187500e+02,1.250766830444335938e+02,1.470638732910156250e+02,7.593183898925781250e+01,1.588568725585937500e+02,1.455961914062500000e+02,1.747432556152343750e+02
1.073780059814453125e+02,1.133241577148437500e+02,1.585596618652343750e+02,1.030051345825195312e+02,1.319526824951171875e+02,1.289433441162109375e+02,1.039370651245117188e+02,1.590130004882812500e+02,1.474976348876953125e+02,1.666295166015625000e+02
6.526318359375000000e+01,1.034549713134765625e+02,1.788904418945312500e+02,1.045886383056640625e+02,1.206704559326171875e+02,1.543409118652343750e+02,9.100630187988281250e+01,1.915323486328125000e+02,1.584297485351562500e+02,1.862194213867187500e+02
8.528606414794921875e+01,1.050386962890625000e+02,1.687471008300781250e+02,1.067589569091796875e+02,1.480410919189453125e+02,1.481614532470703125e+02,1.017981796264648438e+02,1.752581176757812500e+02,1.567294006347656250e+02,1.734462127685546875e+02
8.805429840087890625e+01,1.088733673095703125e+02,1.621714172363281250e+02,9.125053405761718750e+01,1.392136688232421875e+02,1.245553359985351562e+02,1.162513275146484375e+02,1.704250488281250000e+02,1.599196319580078125e+02,1.657364196777343750e+02
7.824555969238281250e+01,9.814103698730468750e+01,1.789441986083984375e+02,1.161457672119140625e+02,1.130717620849609375e+02,1.351125335693359375e+02,7.984524536132812500e+01,1.768827514648437500e+02,1.387942810058593750e+02,1.858145751953125000e+02
8.036442565917968750e+01,1.134302215576171875e+02,1.640637817382812500e+02,1.025367813110351562e+02,1.258311614990234375e+02,1.254952850341796875e+02,1.126958770751953125e+02,1.759782714843750000e+02,1.614734344482421875e+02,1.722658233642578125e+02
8.391860198974609375e+01,1.028504486083984375e+02,1.704914245605468750e+02,1.045917510986328125e+02,1.334966888427734375e+02,1.457132263183593750e+02,9.986579895019531250e+01,1.769410400390625000e+02,1.582684173583984375e+02,1.744358520507812500e+02
1.127400512695312500e+02,1.159023818969726562e+02,1.641452941894531250e+02,1.133011398315429688e+02,1.095437622070312500e+02,1.210932464599609375e+02,8.733836364746093750e+01,1.587743225097656250e+02,1.231404342651367188e+02,1.690170288085937500e+02
8.531726074218750000e+01,1.087251434326171875e+02,1.652067565917968750e+02,1.023828277587890625e+02,1.472107849121093750e+02,1.375767517089843750e+02,1.112008209228515625e+02,1.807737426757812500e+02,1.642774200439453125e+02,1.744727478027343750e+02
7.153024291992187500e+01,1.063563079833984375e+02,1.690629577636718750e+02,1.044663391113281250e+02,1.257274398803710938e+02,1.262734375000000000e+02,8.817097473144531250e+01,1.620966796875000000e+02,1.619650878906250000e+02,1.628202819824218750e+02
8.088879394531250000e+01,9.789138793945312500e+01,1.706952514648437500e+02,1.087983245849609375e+02,1.248646392822265625e+02,1.322299041748046875e+02,8.921963500976562500e+01,1.730795440673828125e+02,1.525922851562500000e+02,1.734302825927734375e+02
8.338218688964843750e+01,9.328858947753906250e+01,1.738609924316406250e+02,1.210380706787109375e+02,1.269933624267578125e+02,1.379786376953125000e+02,8.479735565185546875e+01,1.773139953613281250e+02,1.456725769042968750e+02,1.948036956787109375e+02
7.858043670654296875e+01,1.256991577148437500e+02,1.583599700927734375e+02,8.524089050292968750e+01,1.337340087890625000e+02,1.500131683349609375e+02,1.256133804321289062e+02,1.794002990722656250e+02,1.767752685546875000e+02,1.520875854492187500e+02
8.979609680175781250e+01,1.157837066650390625e+02,1.629654998779296875e+02,9.469794464111328125e+01,1.267759323120117188e+02,1.278650894165039062e+02,1.210269012451171875e+02,1.741648254394531250e+02,1.686996765136718750e+02,1.613958129882812500e+02
7.428658294677734375e+01,1.108761978149414062e+02,1.635801544189453125e+02,9.463863372802734375e+01,1.284249267578125000e+02,1.449303436279296875e+02,1.040438613891601562e+02,1.828610382080078125e+02,1.639916381835937500e+02,1.645437316894531250e+02
7.603519439697265625e+01,1.107651214599609375e+02,1.720410766601562500e+02,9.846003723144531250e+01,1.221177749633789062e+02,1.510269775390625000e+02,9.315232086181640625e+01,1.704533996582031250e+02,1.711348571777343750e+02,1.610080261230468750e+02
7.818402862548828125e+01,1.058729705810546875e+02,1.751390228271484375e+02,9.904766845703125000e+01,1.297993011474609375e+02,1.531721038818359375e+02,1.064388427734375000e+02,1.727530822753906250e+02,1.683251495361328125e+02,1.670702514648437500e+02
1.261481399536132812e+02,1.257946624755859375e+02,1.665975799560546875e+02,9.701643371582031250e+01,1.265854034423828125e+02,1.373744964599609375e+02,1.016570281982421875e+02,1.803722839355468750e+02,1.577177124023437500e+02,1.742817993164062500e+02
6.942276000976562500e+01,1.052800064086914062e+02,1.751179046630859375e+02,9.618269348144531250e+01,1.261443786621093750e+02,1.480828552246093750e+02,9.272550964355468750e+01,1.742645263671875000e+02,1.632730407714843750e+02,1.695311431884765625e+02
8.701390075683593750e+01,1.145787734985351562e+02,1.630495605468750000e+02,9.909925842285156250e+01,1.353498229980468750e+02,1.361272277832031250e+02,1.122678222656250000e+02,1.824212646484375000e+02,1.624176635742187500e+02,1.708148193359375000e+02
7.410877990722656250e+01,1.083576812744140625e+02,1.743078155517578125e+02,9.758651733398437500e+01,1.481027526855468750e+02,1.426862792968750000e+02,9.306274414062500000e+01,1.759978179931640625e+02,1.582230834960937500e+02,1.683367004394531250e+02
6.822120666503906250e+01,1.082474212646484375e+02,1.743841247558593750e+02,1.008243026733398438e+02,1.283585662841796875e+02,1.364746246337890625e+02,9.678451538085937500e+01,1.792725677490234375e+02,1.586548614501953125e+02,1.751217803955078125e+02
7.741487121582031250e+01,1.122180480957031250e+02,1.665422058105468750e+02,1.015178756713867188e+02,1.273615875244140625e+02,1.350820159912109375e+02,1.044281616210937500e+02,1.902604980468750000e+02,1.583234558105468750e+02,1.821057891845703125e+02
8.565808105468750000e+01,1.047134552001953125e+02,1.550256347656250000e+02,1.089979858398437500e+02,1.271429748535156250e+02,1.263857192993164062e+02,1.190211639404296875e+02,1.540158691406250000e+02,1.439497375488281250e+02,1.586212005615234375e+02
8.151794433593750000e+01,1.052657318115234375e+02,1.713314819335937500e+02,1.042543029785156250e+02,1.226049499511718750e+02,1.433743286132812500e+02,9.269486999511718750e+01,1.709801330566406250e+02,1.625427856445312500e+02,1.685322875976562500e+02
8.986589050292968750e+01,1.027630004882812500e+02,1.606896209716796875e+02,1.021396942138671875e+02,1.224920959472656250e+02,1.354900360107421875e+02,9.304599761962890625e+01,1.599071502685546875e+02,1.536192321777343750e+02,1.639267272949218750e+02
7.905332183837890625e+01,1.056530303955078125e+02,1.640129089355468750e+02,1.068856201171875000e+02,1.188778991699218750e+02,1.555980072021484375e+02,9.029235839843750000e+01,1.707204284667968750e+02,1.651077575683593750e+02,1.649213714599609375e+02
7.607268524169921875e+01,1.044010543823242188e+02,1.721606140136718750e+02,1.006747894287109375e+02,1.322808227539062500e+02,1.577106933593750000e+02,9.590208435058593750e+01,1.765773315429687500e+02,1.538102874755859375e+02,1.705532531738281250e+02
8.840482330322265625e+01,1.181452560424804688e+02,1.674263153076171875e+02,9.669711303710937500e+01,1.190680084228515625e+02,1.428609313964843750e+02,1.136895217895507812e+02,1.804743041992187500e+02,1.631518554687500000e+02,1.707649536132812500e+02
8.066508483886718750e+01,9.148809814453125000e+01,1.735502014160156250e+02,1.178964233398437500e+02,1.252001876831054688e+02,1.416939697265625000e+02,8.003005218505859375e+01,1.722888488769531250e+02,1.408811340332031250e+02,1.900435180664062500e+02
9.516130065917968750e+01,1.111857910156250000e+02,1.740732879638671875e+02,1.062764053344726562e+02,1.400929565429687500e+02,1.216265258789062500e+02,1.077435531616210938e+02,1.693739929199218750e+02,1.603810119628906250e+02,1.660647583007812500e+02
7.470752716064453125e+01,9.050946044921875000e+01,1.837555694580078125e+02,1.201489868164062500e+02,1.218669662475585938e+02,1.487751770019531250e+02,7.494883728027343750e+01,1.631542053222656250e+02,1.392096252441406250e+02,1.807054138183593750e+02
7.391259765625000000e+01,1.039924697875976562e+02,1.752923583984375000e+02,1.061742095947265625e+02,1.257135314941406250e+02,1.533299865722656250e+02,9.300600433349609375e+01,1.828177032470703125e+02,1.475061950683593750e+02,1.868851013183593750e+02
8.368759155273437500e+01,1.077226409912109375e+02,1.723976440429687500e+02,1.045324783325195312e+02,1.156200408935546875e+02,1.572348327636718750e+02,1.078465118408203125e+02,1.788695983886718750e+02,1.609600830078125000e+02,1.772307128906250000e+02
8.799047088623046875e+01,1.123546905517578125e+02,1.588820343017578125e+02,9.708377075195312500e+01,1.320495910644531250e+02,1.282274627685546875e+02,1.019338455200195312e+02,1.757559051513671875e+02,1.623374023437500000e+02,1.707845458984375000e+02
8.030998992919921875e+01,9.860391235351562500e+01,1.740168151855468750e+02,1.054836578369140625e+02,1.290084228515625000e+02,1.256446304321289062e+02,9.664483642578125000e+01,1.729357147216796875e+02,1.512649230957031250e+02,1.773655395507812500e+02
7.828976440429687500e+01,1.091604003906250000e+02,1.594592437744140625e+02,1.120148315429687500e+02,1.269087905883789062e+02,1.456853179931640625e+02,1.004862670898437500e+02,1.871050109863281250e+02,1.503932800292968750e+02,1.877779998779296875e+02
7.607571411132812500e+01,1.091500320434570312e+02,1.758416900634765625e+02,9.728017425537109375e+01,1.320027770996093750e+02,1.444054260253906250e+02,9.876807403564453125e+01,1.759644927978515625e+02,1.673912658691406250e+02,1.670400543212890625e+02
7.976633453369140625e+01,1.138632431030273438e+02,1.706693267822265625e+02,1.003167266845703125e+02,1.221498947143554688e+02,1.450341644287109375e+02,1.040532760620117188e+02,1.744524536132812500e+02,1.716888732910156250e+02,1.670185089111328125e+02
8.204067993164062500e+01,9.708618164062500000e+01,1.697686157226562500e+02,1.063664398193359375e+02,1.237645263671875000e+02,1.448071594238281250e+02,7.948052978515625000e+01,1.579813537597656250e+02,1.531658325195312500e+02,1.694675903320312500e+02
8.270890808105468750e+01,9.440330505371093750e+01,1.816101226806640625e+02,1.135653381347656250e+02,1.247021789550781250e+02,1.482139434814453125e+02,9.127182006835937500e+01,1.775266113281250000e+02,1.371142730712890625e+02,1.866120910644531250e+02
8.015377807617187500e+01,1.056554794311523438e+02,1.835447387695312500e+02,1.025206909179687500e+02,1.374388427734375000e+02,1.278512420654296875e+02,9.886637878417968750e+01,1.738286132812500000e+02,1.710715026855468750e+02,1.725496978759765625e+02
1.041024169921875000e+02,1.197891845703125000e+02,1.617885131835937500e+02,9.358047485351562500e+01,1.233930206298828125e+02,1.443966674804687500e+02,1.141809997558593750e+02,1.751229553222656250e+02,1.717774047851562500e+02,1.626813049316406250e+02
7.800149536132812500e+01,1.236477813720703125e+02,1.575316467285156250e+02,8.236794281005859375e+01,1.370389709472656250e+02,1.300608367919921875e+02,1.191331024169921875e+02,1.815081787109375000e+02,1.692558898925781250e+02,1.434238433837890625e+02
7.932440948486328125e+01,1.015743560791015625e+02,1.745664978027343750e+02,1.059606323242187500e+02,1.404189300537109375e+02,1.288435363769531250e+02,1.139851989746093750e+02,1.797811126708984375e+02,1.545766906738281250e+02,1.760119934082031250e+02
8.425935363769531250e+01,9.391581726074218750e+01,1.745506286621093750e+02,1.164520721435546875e+02,1.294223785400390625e+02,1.306154785156250000e+02,8.704701232910156250e+01,1.707340698242187500e+02,1.392271728515625000e+02,1.818096923828125000e+02
8.422045898437500000e+01,1.080962753295898438e+02,1.774525451660156250e+02,1.011699905395507812e+02,1.236968002319335938e+02,1.284486694335937500e+02,9.996769714355468750e+01,1.785210266113281250e+02,1.598760223388671875e+02,1.745622253417968750e+02
7.625518798828125000e+01,1.158718109130859375e+02,1.595786743164062500e+02,9.739842224121093750e+01,1.454793395996093750e+02,1.389332427978515625e+02,1.163472747802734375e+02,1.871193237304687500e+02,1.651455383300781250e+02,1.735905609130859375e+02
8.369160461425781250e+01,1.094918441772460938e+02,1.607745971679687500e+02,9.975393676757812500e+01,1.165152282714843750e+02,1.417005004882812500e+02,1.063318328857421875e+02,1.828754882812500000e+02,1.533657836914062500e+02,1.752914123535156250e+02
7.822026062011718750e+01,1.046916351318359375e+02,1.780717773437500000e+02,1.047306518554687500e+02,1.304887390136718750e+02,1.443192749023437500e+02,9.225596618652343750e+01,1.675273742675781250e+02,1.673679199218750000e+02,1.667388610839843750e+02
9.524610900878906250e+01,1.238924407958984375e+02,1.736297607421875000e+02,9.066816711425781250e+01,1.266215057373046875e+02,1.509677734375000000e+02,1.260948028564453125e+02,1.732671508789062500e+02,1.625298156738281250e+02,1.636867980957031250e+02
7.802372741699218750e+01,1.053849182128906250e+02,1.746203308105468750e+02,1.034576873779296875e+02,1.232673492431640625e+02,1.505102844238281250e+02,1.004503631591796875e+02,1.831197814941406250e+02,1.482803649902343750e+02,1.855958709716796875e+02
7.471775817871093750e+01,1.193781127929687500e+02,1.643805847167968750e+02,8.405711364746093750e+01,1.267637863159179688e+02,1.288626403808593750e+02,1.203167190551757812e+02,1.830053710937500000e+02,1.772449951171875000e+02,1.560000000000000000e+02
7.023848724365234375e+01,1.087982330322265625e+02,1.675309143066406250e+02,9.554561614990234375e+01,1.266662292480468750e+02,1.417737426757812500e+02,1.075510864257812500e+02,1.847309875488281250e+02,1.570270996093750000e+02,1.786755371093750000e+02
7.842731475830078125e+01,1.047668685913085938e+02,1.653975219726562500e+02,9.859717559814453125e+01,1.202134323120117188e+02,1.417232055664062500e+02,1.024392852783203125e+02,1.827780151367187500e+02,1.536770477294921875e+02,1.805608978271484375e+02
8.502745056152343750e+01,1.158203353881835938e+02,1.740279998779296875e+02,9.460961151123046875e+01,1.441534576416015625e+02,1.440698394775390625e+02,1.168676605224609375e+02,1.839419250488281250e+02,1.720524902343750000e+02,1.732174682617187500e+02
8.080505371093750000e+01,1.195857391357421875e+02,1.621744384765625000e+02,9.158972930908203125e+01,1.141423797607421875e+02,1.460744476318359375e+02,1.177870101928710938e+02,1.871677246093750000e+02,1.595690765380859375e+02,1.787363128662109375e+02
8.266203308105468750e+01,1.161888580322265625e+02,1.510545349121093750e+02,9.285353088378906250e+01,1.226587295532226562e+02,1.413972473144531250e+02,1.135140228271484375e+02,1.730936279296875000e+02,1.691898193359375000e+02,1.516926269531250000e+02
7.681898498535156250e+01,1.054040908813476562e+02,1.712986297607421875e+02,9.941041564941406250e+01,1.277074584960937500e+02,1.491020355224609375e+02,1.041757507324218750e+02,1.827732086181640625e+02,1.570877838134765625e+02,1.824235534667968750e+02
8.044361877441406250e+01,9.816600036621093750e+01,1.808647003173828125e+02,1.100074462890625000e+02,1.227267608642578125e+02,1.565996398925781250e+02,9.015559387207031250e+01,1.691078338623046875e+02,1.540040283203125000e+02,1.762004699707031250e+02
8.305986785888671875e+01,1.018745880126953125e+02,1.605097351074218750e+02,1.073417053222656250e+02,1.211313934326171875e+02,1.389451599121093750e+02,9.220852661132812500e+01,1.649087066650390625e+02,1.581499328613281250e+02,1.713021545410156250e+02
8.281268310546875000e+01,1.033711700439453125e+02,1.671834411621093750e+02,1.058204727172851562e+02,1.169159698486328125e+02,1.454382324218750000e+02,9.590942382812500000e+01,1.773513488769531250e+02,1.511377716064453125e+02,1.746625671386718750e+02
7.679620361328125000e+01,1.075703430175781250e+02,1.792682495117187500e+02,1.010036621093750000e+02,1.213680191040039062e+02,1.410185089111328125e+02,1.101303634643554688e+02,1.884811401367187500e+02,1.502921295166015625e+02,1.861287231445312500e+02
7.523781585693359375e+01,1.156743316650390625e+02,1.645168609619140625e+02,9.485110473632812500e+01,1.290264282226562500e+02,1.384065246582031250e+02,1.042103500366210938e+02,1.779299926757812500e+02,1.647223968505859375e+02,1.601061859130859375e+02
7.905603027343750000e+01,1.070231628417968750e+02,1.706326751708984375e+02,1.049700775146484375e+02,1.276614074707031250e+02,1.409999694824218750e+02,9.494129943847656250e+01,1.751521911621093750e+02,1.596737670898437500e+02,1.730344390869140625e+02
8.995133972167968750e+01,1.078569488525390625e+02,1.512910766601562500e+02,1.124348907470703125e+02,1.207117919921875000e+02,1.660299377441406250e+02,8.081392669677734375e+01,1.865980529785156250e+02,1.520636138916015625e+02,1.924169006347656250e+02
7.646862792968750000e+01,1.204350128173828125e+02,1.622417907714843750e+02,9.012440490722656250e+01,1.370517578125000000e+02,1.418606872558593750e+02,1.002504959106445312e+02,1.775818481445312500e+02,1.704159393310546875e+02,1.495316467285156250e+02
7.884498596191406250e+01,1.018167419433593750e+02,1.761451110839843750e+02,1.091198501586914062e+02,1.185399322509765625e+02,1.453184509277343750e+02,9.415467071533203125e+01,1.784664916992187500e+02,1.539252624511718750e+02,1.823979492187500000e+02
8.107347106933593750e+01,9.754797363281250000e+01,1.770985717773437500e+02,1.086809387207031250e+02,1.265528717041015625e+02,1.375903015136718750e+02,8.470062255859375000e+01,1.627476348876953125e+02,1.551468505859375000e+02,1.730754394531250000e+02
7.774786376953125000e+01,1.125294799804687500e+02,1.672622375488281250e+02,9.867375183105468750e+01,1.363165283203125000e+02,1.485185852050781250e+02,9.830833435058593750e+01,1.744189605712890625e+02,1.691330718994140625e+02,1.590771789550781250e+02
7.827407836914062500e+01,1.073147811889648438e+02,1.674594116210937500e+02,9.746266937255859375e+01,1.193343276977539062e+02,1.485708923339843750e+02,1.015648956298828125e+02,1.682554626464843750e+02,1.705225219726562500e+02,1.592665710449218750e+02
8.562867736816406250e+01,8.623004150390625000e+01,1.833059997558593750e+02,1.245062866210937500e+02,1.122691650390625000e+02,1.638683166503906250e+02,7.637738800048828125e+01,1.680196533203125000e+02,1.365884857177734375e+02,1.934747009277343750e+02
8.671127319335937500e+01,1.092022705078125000e+02,1.615390777587890625e+02,9.844517517089843750e+01,1.254247131347656250e+02,1.427628784179687500e+02,1.057555847167968750e+02,1.703290863037109375e+02,1.607511901855468750e+02,1.708978576660156250e+02
7.820452880859375000e+01,1.064631958007812500e+02,1.664315338134765625e+02,9.778897857666015625e+01,1.288382873535156250e+02,1.309604187011718750e+02,9.785878753662109375e+01,1.825959014892578125e+02,1.554418945312500000e+02,1.758585815429687500e+02
7.281085205078125000e+01,1.080176849365234375e+02,1.714846191406250000e+02,1.012429046630859375e+02,1.324472045898437500e+02,1.503892974853515625e+02,9.979028320312500000e+01,1.851166687011718750e+02,1.595377197265625000e+02,1.794158630371093750e+02
8.253881835937500000e+01,1.223322448730468750e+02,1.682798309326171875e+02,8.814746093750000000e+01,1.336264801025390625e+02,1.496074523925781250e+02,1.094368896484375000e+02,1.787942962646484375e+02,1.827190246582031250e+02,1.498184204101562500e+02
7.605172729492187500e+01,1.106852188110351562e+02,1.613806762695312500e+02,1.015635604858398438e+02,1.294204711914062500e+02,1.382540588378906250e+02,1.024836578369140625e+02,1.788526306152343750e+02,1.553527374267578125e+02,1.706101989746093750e+02
7.782662963867187500e+01,1.249864501953125000e+02,1.631153259277343750e+02,8.546261596679687500e+01,1.333147277832031250e+02,1.395993347167968750e+02,1.125785064697265625e+02,1.742083435058593750e+02,1.771000366210937500e+02,1.462704925537109375e+02
9.327690887451171875e+01,1.050993728637695312e+02,1.680235900878906250e+02,1.100671768188476562e+02,1.130553131103515625e+02,1.514553070068359375e+02,1.059300613403320312e+02,1.794728698730468750e+02,1.544264221191406250e+02,1.798729553222656250e+02
8.008419799804687500e+01,9.379080200195312500e+01,1.774165954589843750e+02,1.150665283203125000e+02,1.279162521362304688e+02,1.629357910156250000e+02,7.527419281005859375e+01,1.714542541503906250e+02,1.365289154052734375e+02,1.809309387207031250e+02
7.704876708984375000e+01,1.046336669921875000e+02,1.684576721191406250e+02,1.048168334960937500e+02,1.225751037597656250e+02,1.549290466308593750e+02,9.304510498046875000e+01,1.746684722900390625e+02,1.552102508544921875e+02,1.746840515136718750e+02
8.244911193847656250e+01,1.219487838745117188e+02,1.601196594238281250e+02,9.085940551757812500e+01,1.182473907470703125e+02,1.256215820312500000e+02,1.226169281005859375e+02,1.737863311767578125e+02,1.680751953125000000e+02,1.603691101074218750e+02
8.025839233398437500e+01,1.033521728515625000e+02,1.655043640136718750e+02,1.032309341430664062e+02,1.170183868408203125e+02,1.464221343994140625e+02,1.010379867553710938e+02,1.691931610107421875e+02,1.466785430908203125e+02,1.612920227050781250e+02
7.649960327148437500e+01,1.083960418701171875e+02,1.726111145019531250e+02,9.902389526367187500e+01,1.181818084716796875e+02,1.482884216308593750e+02,1.018829345703125000e+02,1.710707397460937500e+02,1.678368835449218750e+02,1.637439880371093750e+02
9.837138366699218750e+01,1.183562774658203125e+02,1.436862182617187500e+02,1.094208755493164062e+02,1.297849731445312500e+02,1.304796447753906250e+02,1.169636459350585938e+02,1.790324401855468750e+02,1.620702819824218750e+02,1.637417449951171875e+02
8.237027740478515625e+01,1.029074096679687500e+02,1.651964416503906250e+02,1.055789184570312500e+02,1.269343566894531250e+02,1.333627624511718750e+02,1.064139099121093750e+02,1.746099853515625000e+02,1.554298248291015625e+02,1.771210327148437500e+02
7.692108154296875000e+01,9.958296203613281250e+01,1.794696197509765625e+02,1.086480560302734375e+02,1.103537216186523438e+02,1.607172698974609375e+02,8.575769805908203125e+01,1.709243469238281250e+02,1.589227294921875000e+02,1.764109802246093750e+02
8.162188720703125000e+01,1.067175445556640625e+02,1.708279113769531250e+02,1.009734802246093750e+02,1.299650421142578125e+02,1.323049011230468750e+02,1.057184906005859375e+02,1.694229736328125000e+02,1.641222534179687500e+02,1.676045379638671875e+02
7.460918426513671875e+01,1.232789382934570312e+02,1.640853271484375000e+02,8.285046386718750000e+01,1.382587280273437500e+02,1.404260406494140625e+02,1.139933624267578125e+02,1.793796844482421875e+02,1.718039550781250000e+02,1.527297058105468750e+02
8.493108367919921875e+01,8.937285614013671875e+01,1.796517028808593750e+02,1.241554870605468750e+02,1.239957427978515625e+02,1.423910522460937500e+02,7.565423583984375000e+01,1.587459716796875000e+02,1.373323364257812500e+02,1.819274444580078125e+02
7.604417419433593750e+01,1.203227005004882812e+02,1.701445007324218750e+02,8.857342529296875000e+01,1.346755218505859375e+02,1.427391052246093750e+02,1.182720413208007812e+02,1.811465148925781250e+02,1.724153747558593750e+02,1.608672485351562500e+02
8.824635314941406250e+01,1.007197265625000000e+02,1.585529022216796875e+02,1.118919754028320312e+02,1.344037780761718750e+02,1.336848449707031250e+02,9.446122741699218750e+01,1.737435913085937500e+02,1.421035461425781250e+02,1.804069671630859375e+02
6.986808776855468750e+01,1.049356994628906250e+02,1.675632019042968750e+02,1.037701873779296875e+02,1.078462219238281250e+02,1.426148376464843750e+02,9.399092102050781250e+01,1.831712036132812500e+02,1.446346588134765625e+02,1.843709106445312500e+02
9.057685852050781250e+01,9.218571472167968750e+01,1.536828918457031250e+02,1.204666976928710938e+02,1.429855957031250000e+02,1.409368591308593750e+02,8.368991088867187500e+01,1.544671020507812500e+02,1.407888641357421875e+02,1.733497009277343750e+02
8.241990661621093750e+01,1.014707946777343750e+02,1.696157989501953125e+02,1.086327056884765625e+02,1.395004577636718750e+02,1.439125976562500000e+02,8.666595458984375000e+01,1.634418640136718750e+02,1.503334045410156250e+02,1.696720275878906250e+02
9.128951263427734375e+01,9.715781402587890625e+01,1.725108032226562500e+02,1.155126953125000000e+02,1.077711029052734375e+02,1.337178649902343750e+02,8.936246490478515625e+01,1.706944885253906250e+02,1.316314392089843750e+02,1.838745880126953125e+02
8.142535400390625000e+01,9.892491149902343750e+01,1.746585998535156250e+02,1.119035797119140625e+02,1.329982757568359375e+02,1.446340026855468750e+02,9.808314514160156250e+01,1.837683563232421875e+02,1.465428771972656250e+02,1.900961608886718750e+02
7.594802856445312500e+01,1.009874114990234375e+02,1.697451477050781250e+02,1.097240982055664062e+02,1.167973709106445312e+02,1.428301239013671875e+02,9.783766174316406250e+01,1.678974609375000000e+02,1.626080780029296875e+02,1.753494873046875000e+02
7.791825866699218750e+01,1.091612701416015625e+02,1.684482727050781250e+02,1.009696655273437500e+02,1.177758483886718750e+02,1.405874023437500000e+02,9.536386108398437500e+01,1.783003997802734375e+02,1.516331787109375000e+02,1.743413696289062500e+02
8.429497528076171875e+01,1.019197540283203125e+02,1.671326904296875000e+02,1.066872711181640625e+02,1.233014755249023438e+02,1.325511932373046875e+02,9.941389465332031250e+01,1.736593017578125000e+02,1.490359954833984375e+02,1.759873504638671875e+02
8.278381347656250000e+01,9.852705383300781250e+01,1.697771911621093750e+02,1.081011734008789062e+02,1.376028137207031250e+02,1.475337524414062500e+02,7.895931243896484375e+01,1.638964538574218750e+02,1.445900878906250000e+02,1.709875640869140625e+02
8.218103027343750000e+01,1.167193603515625000e+02,1.659219665527343750e+02,9.356747436523437500e+01,1.291915283203125000e+02,1.457969055175781250e+02,1.024602737426757812e+02,1.737808380126953125e+02,1.684012908935546875e+02,1.590199584960937500e+02
8.096789550781250000e+01,1.168385772705078125e+02,1.604141845703125000e+02,9.329682922363281250e+01,1.256104583740234375e+02,1.405178527832031250e+02,1.096034698486328125e+02,1.740463867187500000e+02,1.675090332031250000e+02,1.557138977050781250e+02
8.113558197021484375e+01,1.030143432617187500e+02,1.687499237060546875e+02,1.078138275146484375e+02,1.080460128784179688e+02,1.544725494384765625e+02,9.558927154541015625e+01,1.723533782958984375e+02,1.258503723144531250e+02,1.878240814208984375e+02
8.689450073242187500e+01,8.240892028808593750e+01,1.657373962402343750e+02,1.222938842773437500e+02,1.253049163818359375e+02,1.260102615356445312e+02,7.273494720458984375e+01,1.585308227539062500e+02,1.216009368896484375e+02,1.336672058105468750e+02
9.235800170898437500e+01,1.016132202148437500e+02,1.677715606689453125e+02,1.045081253051757812e+02,1.413136596679687500e+02,1.378148498535156250e+02,8.937541198730468750e+01,1.623840179443359375e+02,1.625804748535156250e+02,1.626409759521484375e+02
7.387033843994140625e+01,1.180787811279296875e+02,1.705420837402343750e+02,9.160827636718750000e+01,1.293836364746093750e+02,1.415974273681640625e+02,1.067592544555664062e+02,1.776290740966796875e+02,1.708280487060546875e+02,1.611853332519531250e+02
9.719908905029296875e+01,1.097421112060546875e+02,1.661005096435546875e+02,1.006612091064453125e+02,1.061134948730468750e+02,1.308155517578125000e+02,1.075398635864257812e+02,1.788116149902343750e+02,1.493557586669921875e+02,1.795150451660156250e+02
8.712547302246093750e+01,1.127057800292968750e+02,1.628489685058593750e+02,9.861471557617187500e+01,1.225901336669921875e+02,1.285128173828125000e+02,1.256851425170898438e+02,1.264284515380859375e+02,1.615882263183593750e+02,1.634017333984375000e+02
8.361511230468750000e+01,1.089785919189453125e+02,1.408035888671875000e+02,1.156465911865234375e+02,1.484953613281250000e+02,1.248316421508789062e+02,1.305026397705078125e+02,1.754911956787109375e+02,1.761677551269531250e+02,1.664887390136718750e+02
7.354721069335937500e+01,1.168865356445312500e+02,1.715617370605468750e+02,9.712440490722656250e+01,1.275048370361328125e+02,1.467708740234375000e+02,1.027981719970703125e+02,1.687572631835937500e+02,1.602998809814453125e+02,1.703126220703125000e+02
9.607746887207031250e+01,1.048129196166992188e+02,1.750622863769531250e+02,1.281576690673828125e+02,1.268232879638671875e+02,1.382507781982421875e+02,7.108349609375000000e+01,1.564198303222656250e+02,1.231778488159179688e+02,1.841606140136718750e+02
7.766233062744140625e+01,1.121105804443359375e+02,1.696217651367187500e+02,9.054689025878906250e+01,1.210166320800781250e+02,1.265102996826171875e+02,9.525129699707031250e+01,1.781138305664062500e+02,1.579014434814453125e+02,1.683744049072265625e+02
8.315822601318359375e+01,9.686593627929687500e+01,1.667189941406250000e+02,1.139932098388671875e+02,1.456288146972656250e+02,1.397116851806640625e+02,9.575555419921875000e+01,1.803340606689453125e+02,1.457860717773437500e+02,1.849661560058593750e+02
9.035776519775390625e+01,9.165254211425781250e+01,1.675063018798828125e+02,1.203606262207031250e+02,1.227847595214843750e+02,1.421179809570312500e+02,7.584416961669921875e+01,1.636944274902343750e+02,1.337345581054687500e+02,1.800496215820312500e+02
8.013636779785156250e+01,1.127609100341796875e+02,1.640548400878906250e+02,9.260226440429687500e+01,1.381992187500000000e+02,1.369305572509765625e+02,1.150999298095703125e+02,1.784875488281250000e+02,1.606807861328125000e+02,1.674725646972656250e+02
